Month,Year,Campaign_type,Campaign,Ad_group,Impressions,Clicks,Conversions,Value_per_conv,All_conv_rate,All_conv_value,CTR,Search_impr_share,Cost
2015-02-01,2015,Search,Search_Brand_USA,Spa,1,1,0.0,0.0,0.0,0.0,100.0,14.29,0.77
2015-02-01,2015,Search,Search_Brand_USA,Location,3,0,0.0,0.0,0.0,0.0,0.0,5.0,0.0
2015-02-01,2015,Search,Search_Brand_BR,Localização,4,0,0.0,0.0,0.0,0.0,0.0,37.5,0.0
2015-02-01,2015,Search,Search_Brand_BR,Geral,338,1,1.0,0.0,100.0,0.0,0.3,28.27,1.84
2015-03-01,2015,Search,Search_Brand_USA,Geral,10932,27,18.0,0.0,66.67,0.0,0.25,40.43,141.54
2015-03-01,2015,Search,Search_Brand_USA,Spa,76,0,0.0,0.0,0.0,0.0,0.0,21.07,0.0
2015-03-01,2015,Search,Search_Brand_USA,Location,74,0,0.0,0.0,0.0,0.0,0.0,16.81,0.0
2015-03-01,2015,Search,Search_Brand_USA,Preço,1,0,0.0,0.0,0.0,0.0,0.0,5.0,0.0
2015-03-01,2015,Search,Search_Brand_BR,Localização,140,1,1.0,0.0,100.0,0.0,0.71,40.74,2.09
2015-03-01,2015,Search,Search_Brand_BR,Spa,32,4,4.0,0.0,100.0,0.0,12.5,43.84,4.51
2015-03-01,2015,Search,Search_Brand_BR,Geral,17151,59,50.0,0.0,84.75,0.0,0.34,60.23,141.97
2015-03-01,2015,Search,Search_Brand_BR,Negócios,1,0,0.0,0.0,0.0,0.0,0.0,33.33,0.0
2015-03-01,2015,Search,Search_Brand_BR,Preço,17,0,0.0,0.0,0.0,0.0,0.0,30.36,0.0
2015-03-01,2015,Search,Search_Brand_BR,Feng Shui / Eco,7,0,0.0,0.0,0.0,0.0,0.0,46.15,0.0
2015-03-01,2015,Search,Search_Brand_ESP,Geral,23352,73,56.0,0.0,76.71,0.0,0.31,25.53,165.97
2015-03-01,2015,Search,Search_Brand_ESP,Spa,571,9,7.0,0.0,77.78,0.0,1.58,39.41,20.88
2015-03-01,2015,Search,Search_Brand_BR_2,Brand,3,0,0.0,0.0,0.0,0.0,0.0,5.0,0.0
2015-03-01,2015,Search,Search_Brand_BR_2,Centro de Lisboa,51,1,0.0,0.0,0.0,0.0,1.96,5.0,0.08
2015-03-01,2015,Search,Search_Brand_BR_2,Feng Shui,12,0,0.0,0.0,0.0,0.0,0.0,5.0,0.0
2015-03-01,2015,Search,Search_Brand_BR_2,Boutique Hotel,6,0,0.0,0.0,0.0,0.0,0.0,31.58,0.0
2015-03-01,2015,Search,Remarketing_BR,Geral,681,0,0.0,0.0,0.0,0.0,0.0,5.0,0.0
2015-03-01,2015,Search,Remarketing_ESP,Geral,38,0,0.0,0.0,0.0,0.0,0.0,5.0,0.0
2015-04-01,2015,Search,Search_Brand_BR,Geral,1,0,0.0,0.0,0.0,0.0,0.0,20.0,0.0
2015-04-01,2015,Search,Search_Brand_ESP,Geral,1,0,0.0,0.0,0.0,0.0,0.0,5.0,0.0
2015-04-01,2015,Search,Search_Brand_BR_2,Centro de Lisboa,2,0,0.0,0.0,0.0,0.0,0.0,12.5,0.0
2015-04-01,2015,Search,Remarketing_BR,Geral,219,3,0.0,0.0,0.0,0.0,1.37,5.0,0.09
2020-01-01,2020,Search,Sales_UK_IE,Marca UK,228,48,1.0,10.0,4.17,5.5,21.05,86.26,74.11
2020-01-01,2020,Search,Sales_USA_CA,Marca USA_CA,157,33,2.0,0.0,15.15,0.6,21.02,92.81,77.36
2020-01-01,2020,Search,Sales_FR_BE_CH,Marca_Antiga FR,229,62,2.0,10.0,40.98,1.72,27.07,86.74,97.88
2020-01-01,2020,Search,Brand_CityBreak_Europe,City Break Lisbon,422,24,0.0,0.0,0.0,0.0,5.69,55.42,51.09
2020-01-01,2020,Search,Brand_CityBreak_Europe,Lisbon Weekend Break,288,31,0.0,0.0,0.0,0.0,10.76,55.45,65.93
2020-02-01,2020,Search,Sales_UK_IE,Marca UK,124,25,1.0,10.0,8.0,5.5,20.16,70.45,56.92
2020-02-01,2020,Search,Sales_USA_CA,Marca USA_CA,259,51,1.0,0.0,11.76,0.83,19.69,83.82,108.49
2020-02-01,2020,Search,Sales_FR_BE_CH,Marca_Antiga FR,612,92,2.0,0.0,43.48,0.95,15.03,74.82,27.33
2020-02-01,2020,Search,Brand_CityBreak_Europe,Lisbon Weekend Break,669,66,0.0,0.0,0.0,0.0,9.87,31.28,126.7
2020-02-01,2020,Search,Seasonal_Valentines_PT,Hotel Dia Namorados,302,92,1.0,0.0,2.2,0.5,30.46,66.82,36.94
2020-02-01,2020,Search,Seasonal_Valentines_PT,Programa Dia dos Namorados,622,122,0.0,0.0,0.0,0.0,19.61,59.88,50.42
2020-02-01,2020,Search,Restaurant_PT,Restaurante Dia dos Namorados,700,139,0.0,0.0,0.0,0.0,19.86,48.77,35.53
2020-02-01,2020,Search,Brand_Awareness_FR,Hotel Charme,65,19,0.0,0.0,0.0,0.0,29.23,26.1,17.23
2020-02-01,2020,Search,Brand_Awareness_FR,Hotel Spa Lisbonne,118,22,0.0,0.0,0.0,0.0,18.64,50.21,36.02
2020-02-01,2020,Search,Brand_Awareness_FR,Weekend à Lisbonne,365,41,0.0,0.0,0.0,0.0,11.23,30.17,36.66
2020-02-01,2020,Search,Sales_DE_CH_BE_NL,Marca_DE_CH_BE_NL,37,10,1.0,0.0,20.0,0.5,27.03,94.87,15.72
2020-03-01,2020,Search,Sales_UK_IE,Marca UK,130,19,0.0,0.0,10.53,1.0,14.62,91.49,19.83
2020-03-01,2020,Search,Sales_USA_CA,Marca USA_CA,120,15,0.0,0.0,0.0,0.0,12.5,85.0,54.6
2020-03-01,2020,Search,Sales_FR_BE_CH,Marca_Antiga FR,253,74,0.0,0.0,12.16,3.0,29.25,84.46,108.84
2020-03-01,2020,Search,Brand_CityBreak_Europe,Lisbon Weekend Break,259,40,0.0,0.0,0.0,0.0,15.44,58.94,68.3
2020-03-01,2020,Search,Brand_Awareness_FR,Hotel Charme,199,38,0.0,0.0,2.63,1.0,19.1,73.88,27.07
2020-03-01,2020,Search,Brand_Awareness_FR,Hotel Spa Lisbonne,187,23,0.0,0.0,0.0,0.0,12.3,73.33,19.55
2020-03-01,2020,Search,Brand_Awareness_FR,Weekend à Lisbonne,1244,180,0.0,0.0,1.11,1.0,14.47,64.21,127.51
2020-03-01,2020,Search,Sales_DE_CH_BE_NL,Marca_DE_CH_BE_NL,117,41,0.0,0.0,7.32,4.0,35.04,81.12,94.36
2020-03-01,2020,Search,Brand_MICE_PT,Formação,94,10,0.0,0.0,0.0,0.0,10.64,70.59,10.32
2020-03-01,2020,Search,Brand_MICE_PT,Espaços Eventos Lisboa,208,55,0.0,0.0,0.0,0.0,26.44,76.32,61.57
2020-03-01,2020,Search,Brand_MICE_PT,Auditorios LX,49,2,0.0,0.0,0.0,0.0,4.08,72.31,1.0
2020-03-01,2020,Search,Brand_Awareness_PT,Hotel em Lisboa,3013,123,0.0,0.0,0.0,0.0,4.08,70.84,101.53
2020-03-01,2020,Search,Brand_Awareness_USA,Boutique Hotel Lisbon,21,1,0.0,0.0,0.0,0.0,4.76,40.38,9.68
2020-04-01,2020,Search,Sales_UK_IE,Marca UK,38,9,0.0,0.0,11.11,10.0,23.68,80.43,3.67
2020-04-01,2020,Search,Brand_Awareness_FR,Hotel Charme,72,14,0.0,0.0,0.0,0.0,19.44,93.51,17.25
2020-04-01,2020,Search,Brand_Awareness_FR,Hotel Spa Lisbonne,22,3,0.0,0.0,0.0,0.0,13.64,70.97,2.58
2020-04-01,2020,Search,Brand_Awareness_FR,Weekend à Lisbonne,356,65,0.0,0.0,0.0,0.0,18.26,87.47,52.39
2020-04-01,2020,Search,Sales_DE_CH_BE_NL,Marca_DE_CH_BE_NL,62,21,0.0,0.0,14.29,1.0,33.87,89.86,2.76
2020-04-01,2020,Search,Brand_MICE_PT,Formação,50,11,0.0,0.0,0.0,0.0,22.0,67.61,5.27
2020-04-01,2020,Search,Brand_MICE_PT,Espaços Eventos Lisboa,139,36,0.0,0.0,0.0,0.0,25.9,84.81,24.94
2020-04-01,2020,Search,Brand_MICE_PT,Auditorios LX,55,9,0.0,0.0,0.0,0.0,16.36,84.38,3.85
2020-04-01,2020,Search,Brand_Awareness_PT,Hotel em Lisboa,2815,195,0.0,0.0,0.0,0.0,6.93,97.36,107.58
2020-04-01,2020,Search,Brand_Awareness_USA,Boutique Hotel Lisbon,14,0,0.0,0.0,0.0,0.0,0.0,23.53,0.0
2020-05-01,2020,Search,Sales_UK_IE,Marca UK,61,20,0.0,0.0,5.0,1.0,32.79,75.95,6.3
2020-05-01,2020,Search,Brand_Awareness_FR,Hotel Charme,78,19,1.0,0.0,5.26,0.0,24.36,78.79,22.64
2020-05-01,2020,Search,Brand_Awareness_FR,Hotel Spa Lisbonne,2,1,0.0,0.0,0.0,0.0,50.0,66.67,0.62
2020-05-01,2020,Search,Brand_Awareness_FR,Weekend à Lisbonne,407,71,0.0,0.0,0.0,0.0,17.44,83.86,53.62
2020-05-01,2020,Search,Sales_DE_CH_BE_NL,Marca_DE_CH_BE_NL,47,5,0.0,0.0,20.0,1.0,10.64,79.66,1.39
2020-05-01,2020,Search,Brand_MICE_PT,Formação,130,14,0.0,0.0,0.0,0.0,10.77,85.47,6.42
2020-05-01,2020,Search,Brand_MICE_PT,Espaços Eventos Lisboa,207,50,0.0,0.0,0.0,0.0,24.15,91.12,31.58
2020-05-01,2020,Search,Brand_MICE_PT,Auditorios LX,58,5,0.0,0.0,0.0,0.0,8.62,93.55,3.06
2020-05-01,2020,Search,Brand_Awareness_PT,Hotel em Lisboa,2870,212,0.0,0.0,0.0,0.0,7.39,92.02,121.36
2020-05-01,2020,Search,Brand_Awareness_USA,Boutique Hotel Lisbon,28,1,0.0,0.0,0.0,0.0,3.57,31.76,1.15
2020-06-01,2020,Search,Sales_UK_IE,Marca UK,71,27,1.0,0.0,22.22,2.33,38.03,68.27,7.91
2020-06-01,2020,Search,Brand_Awareness_FR,Hotel Charme,316,56,1.0,10.0,3.57,5.5,17.72,72.85,55.78
2020-06-01,2020,Search,Brand_Awareness_FR,Weekend à Lisbonne,1239,258,0.0,0.0,0.0,0.0,20.82,80.77,273.71
2020-06-01,2020,Search,Sales_DE_CH_BE_NL,Marca_DE_CH_BE_NL,62,22,0.0,0.0,0.0,0.0,35.48,84.51,22.6
2020-06-01,2020,Search,Brand_MICE_PT,Formação,41,6,0.0,0.0,0.0,0.0,14.63,76.0,2.51
2020-06-01,2020,Search,Brand_MICE_PT,Espaços Eventos Lisboa,58,21,0.0,0.0,0.0,0.0,36.21,84.13,14.74
2020-06-01,2020,Search,Brand_MICE_PT,Auditorios LX,37,8,0.0,0.0,0.0,0.0,21.62,90.24,5.17
2020-06-01,2020,Search,Brand_Awareness_PT,Hotel em Lisboa,3041,158,0.0,0.0,0.0,0.0,5.2,87.53,120.88
2020-06-01,2020,Search,Brand_Awareness_USA,Boutique Hotel Lisbon,65,9,0.0,0.0,0.0,0.0,13.85,43.26,9.92
2020-07-01,2020,Search,Sales_UK_IE,Marca UK,65,18,0.0,0.0,0.0,0.0,27.69,68.48,23.21
2020-07-01,2020,Search,Brand_Awareness_FR,Hotel Charme,192,29,0.0,0.0,0.0,0.0,15.1,71.91,40.84
2020-07-01,2020,Search,Brand_Awareness_FR,Weekend à Lisbonne,791,155,0.0,0.0,0.0,0.0,19.6,71.94,201.73
2020-07-01,2020,Search,Sales_DE_CH_BE_NL,Marca_DE_CH_BE_NL,56,23,1.0,0.0,4.35,0.0,41.07,78.87,43.19
2020-07-01,2020,Search,Brand_Awareness_PT,Hotel em Lisboa,3862,112,0.0,0.0,0.0,0.0,2.9,87.43,97.59
2020-07-01,2020,Search,Brand_Awareness_USA,Boutique Hotel Lisbon,36,3,0.0,0.0,0.0,0.0,8.33,27.13,3.35
2020-08-01,2020,Search,Sales_UK_IE,Marca UK,82,27,0.0,0.0,0.0,0.0,32.93,77.36,30.21
2020-08-01,2020,Search,Brand_Awareness_FR,Hotel Charme,291,55,0.0,0.0,0.0,0.0,18.9,73.12,50.34
2020-08-01,2020,Search,Brand_Awareness_FR,Weekend à Lisbonne,1148,209,0.0,0.0,0.0,0.0,18.21,65.12,191.66
2020-08-01,2020,Search,Sales_DE_CH_BE_NL,Marca_DE_CH_BE_NL,80,22,0.0,0.0,0.0,0.0,27.5,90.91,51.87
2020-08-01,2020,Search,Brand_Awareness_PT,Hotel em Lisboa,6317,176,1.0,10.0,0.57,10.0,2.79,69.37,122.0
2020-08-01,2020,Search,Brand_Awareness_USA,Boutique Hotel Lisbon,36,7,0.0,0.0,0.0,0.0,19.44,29.2,6.7
2020-09-01,2020,Search,Sales_UK_IE,Marca UK,57,15,0.0,0.0,6.67,10.0,26.32,85.07,17.97
2020-09-01,2020,Search,Brand_Awareness_FR,Hotel Charme,289,54,0.0,0.0,0.0,0.0,18.69,67.05,38.59
2020-09-01,2020,Search,Brand_Awareness_FR,Weekend à Lisbonne,1371,248,0.0,0.0,0.0,0.0,18.09,63.88,202.54
2020-09-01,2020,Search,Sales_DE_CH_BE_NL,Marca_DE_CH_BE_NL,56,21,0.0,0.0,0.0,0.0,37.5,93.33,34.53
2020-09-01,2020,Search,Brand_Awareness_PT,Hotel em Lisboa,4416,135,0.0,0.0,0.0,0.0,3.06,84.22,104.87
2020-09-01,2020,Search,Brand_Awareness_USA,Boutique Hotel Lisbon,45,4,0.0,0.0,0.0,0.0,8.89,39.82,4.64
2020-10-01,2020,Search,Sales_UK_IE,Marca UK,52,9,0.0,0.0,22.22,1.0,17.31,82.54,12.92
2020-10-01,2020,Search,Brand_Awareness_FR,Hotel Charme,305,45,0.0,0.0,0.0,0.0,14.75,73.48,30.5
2020-10-01,2020,Search,Brand_Awareness_FR,Weekend à Lisbonne,1134,253,0.0,0.0,0.0,0.0,22.31,70.11,186.29
2020-10-01,2020,Search,Sales_DE_CH_BE_NL,Marca_DE_CH_BE_NL,13,4,0.0,0.0,0.0,0.0,30.77,68.42,16.0
2020-10-01,2020,Search,Brand_Awareness_PT,Hotel em Lisboa,3103,156,0.0,0.0,0.0,0.0,5.03,80.36,118.85
2020-10-01,2020,Search,Brand_Awareness_USA,Boutique Hotel Lisbon,17,1,0.0,0.0,0.0,0.0,5.88,18.89,1.14
2020-11-01,2020,Search,Sales_UK_IE,Marca UK,15,3,0.0,0.0,0.0,0.0,20.0,87.5,5.41
2020-11-01,2020,Search,Brand_Awareness_FR,Hotel Charme,24,4,0.0,0.0,0.0,0.0,16.67,92.31,3.71
2020-11-01,2020,Search,Brand_Awareness_FR,Weekend à Lisbonne,142,32,0.0,0.0,0.0,0.0,22.54,84.52,46.39
2020-11-01,2020,Search,Sales_DE_CH_BE_NL,Marca_DE_CH_BE_NL,8,2,0.0,0.0,0.0,0.0,25.0,88.89,6.06
2020-11-01,2020,Search,Brand_Awareness_PT,Hotel em Lisboa,839,62,0.0,0.0,0.0,0.0,7.39,71.52,41.44
2020-11-01,2020,Search,Brand_Awareness_USA,Boutique Hotel Lisbon,0,0,0.0,0.0,0.0,0.0,0.0,5.0,0.0
2021-06-01,2021,Search,Sales_FR_BE_CH,Marca_Antiga FR,91,21,0.0,0.0,9.52,1.0,23.08,93.81,53.06
2021-06-01,2021,Search,Brand_Awareness_FR,Hotel Charme,245,47,0.0,0.0,2.13,1.0,19.18,64.38,58.7
2021-06-01,2021,Search,Sales_DE_CH_BE_NL,Marca_DE_CH_BE_NL,56,12,0.0,0.0,0.0,0.0,21.43,75.68,15.07
2021-06-01,2021,Demand Gen,Brand_Discovery_FR,Offre de Dernière Minute,11741,133,0.0,0.0,0.0,0.0,1.13,,52.03
2021-06-01,2021,Demand Gen,Brand_Discovery_ESP,Discovery_Interesses_ESP,10398,747,1.0,0.0,0.07,0.0,7.18,,67.32
2021-06-01,2021,Search,Sales_ESP,Marca_Antiga ESP,161,33,1.0,0.0,3.03,0.0,20.5,81.31,42.49
2021-06-01,2021,Demand Gen,Brand_Discovery_DE_NL_CH_BE,Last Minute DE,3348,39,0.0,0.0,0.0,0.0,1.16,,41.7
2021-06-01,2021,Display,Brand_Discovery_Display_ESP,Display_Verano_ESP,65369,690,0.0,0.0,0.0,0.0,1.06,,36.69
2021-06-01,2021,Display,Brand_Discovery_Display_ESP,Display_ESP_Periodicos,21061,73,0.0,0.0,0.0,0.0,0.35,,7.25
2021-06-01,2021,Search,Brand_Awareness_ESP,Hotel con encanto,24,6,0.0,0.0,0.0,0.0,25.0,61.54,5.75
2021-06-01,2021,Demand Gen,Brand_Discovery_Europe,BADiscovery_TripsPortugal,7614,114,0.0,0.0,0.0,0.0,1.5,,7.13
2021-07-01,2021,Search,Sales_FR_BE_CH,Marca_Antiga FR,72,22,0.0,0.0,9.09,1.0,30.56,81.61,45.16
2021-07-01,2021,Search,Sales_FR_BE_CH,Marca_Nova_FR,42,9,0.0,0.0,66.67,1.0,21.43,77.78,21.31
2021-07-01,2021,Search,Brand_Awareness_FR,Hotel Charme,83,15,0.0,0.0,0.0,0.0,18.07,41.09,36.49
2021-07-01,2021,Search,Sales_DE_CH_BE_NL,Marca_DE_CH_BE_NL,55,15,0.0,0.0,6.67,1.0,27.27,93.22,16.33
2021-07-01,2021,Search,Brand_Awareness_PT,Hotel em Lisboa,20,0,0.0,0.0,0.0,0.0,0.0,5.0,0.0
2021-07-01,2021,Search,Brand_Awareness_PT,Boutique Hotel Lisboa,31,6,0.0,0.0,0.0,0.0,19.35,18.13,1.18
2021-07-01,2021,Search,Brand_Awareness_PT,Hotel Jacuzzi Quarto,2125,571,0.0,0.0,0.7,1.0,26.87,46.48,62.54
2021-07-01,2021,Demand Gen,Brand_Discovery_FR,Offre de Dernière Minute,8557,93,0.0,0.0,0.0,0.0,1.09,,20.05
2021-07-01,2021,Demand Gen,Brand_Discovery_ESP,Discovery_Interesses_ESP,36877,2362,1.0,0.0,0.15,0.8,6.41,,116.47
2021-07-01,2021,Search,Sales_ESP,Marca_Antiga ESP,151,53,0.0,0.0,24.53,1.0,35.1,81.62,54.25
2021-07-01,2021,Search,Sales_ESP,Marca_Nova_ESP,127,38,1.0,0.0,7.89,0.67,29.92,94.03,22.93
2021-07-01,2021,Demand Gen,Brand_Discovery_DE_NL_CH_BE,Last Minute DE,13307,124,0.0,0.0,0.0,0.0,0.93,,70.98
2021-07-01,2021,Search,Brand_Awareness_ESP,Hotel con encanto,150,43,1.0,0.0,2.33,0.0,28.67,85.23,58.49
2021-07-01,2021,Demand Gen,Brand_Discovery_Europe,BADiscovery_TripsPortugal,150468,1650,0.0,0.0,0.0,0.0,1.1,,52.02
2021-07-01,2021,Demand Gen,Brand_Discovery_PT,BA_DiscoveryGeral_PT,6932,146,0.0,0.0,0.0,0.0,2.11,,46.92
2021-07-01,2021,Search,Sales_PT,Marca Sta Marta PT,210,55,0.0,0.0,3.64,1.0,26.19,56.91,10.65
2021-07-01,2021,Search,Sales_PT,Marca Liberdade PT,211,44,0.0,0.0,11.36,1.0,20.85,73.94,8.46
2021-08-01,2021,Search,Brand_Awareness_PT,Hotel em Lisboa,587,35,0.0,0.0,0.0,0.0,5.96,5.0,16.17
2021-08-01,2021,Search,Brand_Awareness_PT,Boutique Hotel Lisboa,115,8,0.0,0.0,0.0,0.0,6.96,28.33,2.36
2021-08-01,2021,Search,Brand_Awareness_PT,Hotel Jacuzzi Quarto,1837,296,0.0,0.0,0.68,1.0,16.11,25.69,38.15
2021-08-01,2021,Demand Gen,Brand_Discovery_FR,Offre de Dernière Minute,18532,185,0.0,0.0,0.0,0.0,1.0,,69.56
2021-08-01,2021,Demand Gen,Brand_Discovery_ESP,Discovery_Interesses_ESP,23557,1772,2.0,0.0,0.69,0.88,7.52,,70.94
2021-08-01,2021,Search,Sales_ESP,Marca_Antiga ESP,153,37,2.0,0.0,27.03,0.8,24.18,83.15,18.91
2021-08-01,2021,Search,Sales_ESP,Marca_Nova_ESP,229,58,3.0,0.0,27.59,0.81,25.33,82.91,41.89
2021-08-01,2021,Demand Gen,Brand_Discovery_DE_NL_CH_BE,Last Minute DE,5012,63,0.0,0.0,0.0,0.0,1.26,,31.61
2021-08-01,2021,Search,Brand_Awareness_ESP,Hotel con encanto,283,72,0.0,0.0,1.39,1.0,25.44,71.39,60.49
2021-08-01,2021,Demand Gen,Brand_Discovery_USA,Lisbon Vacations,10343,132,0.0,0.0,0.0,0.0,1.28,,130.8
2021-08-01,2021,Demand Gen,Brand_Discovery_Europe,BADiscovery_TripsPortugal,21077,165,0.0,0.0,0.0,0.0,0.78,,4.87
2021-08-01,2021,Demand Gen,Brand_Discovery_PT,BA_DiscoveryGeral_PT,5746,208,0.0,0.0,0.0,0.0,3.62,,30.84
2021-08-01,2021,Search,Sales_PT,Marca Sta Marta PT,576,129,2.0,0.0,13.18,0.88,22.4,64.42,21.64
2021-08-01,2021,Search,Sales_PT,Marca Liberdade PT,588,131,1.0,0.0,16.03,0.95,22.28,69.37,32.69
2021-08-01,2021,Demand Gen,Brand_Discovery_UK,Planning_Trip_Lisbon_UK,1980,158,0.0,0.0,0.5,1.0,7.98,,18.1
2021-09-01,2021,Search,Sales_FR_BE_CH,Marca_Antiga FR,92,22,0.0,0.0,31.82,1.0,23.91,51.98,6.36
2021-09-01,2021,Search,Sales_FR_BE_CH,Marca_Nova_FR,677,147,1.0,0.0,38.78,0.98,21.71,67.6,37.66
2021-09-01,2021,Demand Gen,Brand_Discovery_FR,Offre de Dernière Minute,7838,285,0.0,0.0,0.0,0.0,3.64,,67.99
2021-09-01,2021,Demand Gen,Brand_Discovery_ESP,Discovery_Interesses_ESP,19860,1444,1.0,0.0,0.8,0.95,7.27,,90.37
2021-09-01,2021,Search,Sales_ESP,Marca_Antiga ESP,145,42,0.0,0.0,23.81,1.0,28.97,77.54,14.01
2021-09-01,2021,Search,Sales_ESP,Marca_Nova_ESP,378,80,5.0,2.0,31.25,1.2,21.16,87.35,32.36
2021-09-01,2021,Demand Gen,Brand_Discovery_DE_NL_CH_BE,Last Minute DE,9504,253,0.0,0.0,0.72,1.0,2.66,,93.07
2021-09-01,2021,Search,Brand_Awareness_ESP,Hotel con encanto,92,26,0.0,0.0,15.38,1.0,28.26,68.15,17.99
2021-09-01,2021,Demand Gen,Brand_Discovery_USA,Lisbon Vacations,10540,122,0.0,0.0,0.0,0.0,1.16,,154.61
2021-09-01,2021,Demand Gen,Brand_Discovery_PT,BA_DiscoveryGeral_PT,6067,281,0.0,0.0,0.0,0.0,4.63,,20.63
2021-09-01,2021,Search,Sales_PT,Marca Sta Marta PT,926,238,6.0,1.83,13.87,1.15,25.7,72.5,22.08
2021-09-01,2021,Search,Sales_PT,Marca Liberdade PT,869,198,5.0,0.0,44.95,0.94,22.78,73.45,32.24
2021-09-01,2021,Demand Gen,Brand_Discovery_UK,Planning_Trip_Lisbon_UK,11881,748,0.0,0.0,2.85,1.0,6.3,,60.88
2021-09-01,2021,Demand Gen,Brand_Discovery_BR,BrandDiscovery_General_BR,11644,1434,0.0,0.0,0.53,1.0,12.32,,45.13
2021-10-01,2021,Search,Sales_FR_BE_CH,Marca_Antiga FR,74,15,0.0,0.0,66.67,1.0,20.27,56.06,6.03
2021-10-01,2021,Search,Sales_FR_BE_CH,Marca_Nova_FR,307,76,4.0,0.0,52.63,0.9,24.76,66.74,45.35
2021-10-01,2021,Demand Gen,Brand_Discovery_FR,Offre de Dernière Minute,9612,277,0.0,0.0,0.14,1.0,2.88,,79.16
2021-10-01,2021,Demand Gen,Brand_Discovery_ESP,Discovery_Interesses_ESP,34695,2915,0.0,0.0,0.58,1.33,8.4,,125.68
2021-10-01,2021,Search,Sales_ESP,Marca_Antiga ESP,182,50,1.0,1.0,20.0,1.0,27.47,83.87,24.82
2021-10-01,2021,Search,Sales_ESP,Marca_Nova_ESP,495,141,7.0,1.57,27.66,1.1,28.48,92.7,64.26
2021-10-01,2021,Demand Gen,Brand_Discovery_DE_NL_CH_BE,Last Minute DE,11967,347,0.0,0.0,0.14,1.0,2.9,,92.38
2021-10-01,2021,Demand Gen,Brand_Discovery_USA,Lisbon Vacations,11444,180,0.0,0.0,0.0,0.0,1.57,,153.75
2021-10-01,2021,Demand Gen,Brand_Discovery_PT,BA_DiscoveryGeral_PT,6002,282,0.0,0.0,0.53,1.0,4.7,,25.32
2021-10-01,2021,Demand Gen,Brand_Discovery_PT,BA_Discovery_Spa_PT,21,1,0.0,0.0,0.0,0.0,4.76,,0.04
2021-10-01,2021,Search,Sales_PT,Marca Sta Marta PT,923,243,16.0,1.0,26.34,1.0,26.33,71.1,27.98
2021-10-01,2021,Search,Sales_PT,Marca Liberdade PT,921,198,8.0,2.88,23.23,1.33,21.5,59.44,27.94
2021-10-01,2021,Demand Gen,Brand_Discovery_UK,Planning_Trip_Lisbon_UK,9710,463,0.0,0.0,0.16,1.0,4.77,,61.25
2021-10-01,2021,Demand Gen,Brand_Discovery_BR,BrandDiscovery_General_BR,14727,1266,1.0,0.0,0.33,0.88,8.6,,59.9
2021-11-01,2021,Search,Sales_FR_BE_CH,Marca_Antiga FR,74,18,0.0,0.0,66.67,1.0,24.32,58.27,10.59
2021-11-01,2021,Search,Sales_FR_BE_CH,Marca_Nova_FR,564,150,5.0,0.0,69.33,0.95,26.6,68.29,48.88
2021-11-01,2021,Search,Restaurant_PT,Restaurante Buffet,26,4,0.0,0.0,0.0,0.0,15.38,86.21,2.03
2021-11-01,2021,Search,Restaurant_PT,Restaurante sem gluten,9,0,0.0,0.0,0.0,0.0,0.0,100.0,0.0
2021-11-01,2021,Search,Restaurant_PT,Restaurante perto de mim,249,31,0.0,0.0,0.0,0.0,12.45,85.52,51.2
2021-11-01,2021,Demand Gen,Brand_Discovery_FR,Offre de Dernière Minute,11069,309,0.0,0.0,2.26,1.0,2.79,,81.6
2021-11-01,2021,Demand Gen,Brand_Discovery_ESP,Discovery_Interesses_ESP,39378,3074,0.0,0.0,1.27,1.0,7.81,,93.72
2021-11-01,2021,Search,Sales_ESP,Marca_Antiga ESP,136,47,3.0,0.0,38.3,0.83,34.56,76.7,23.08
2021-11-01,2021,Search,Sales_ESP,Marca_Nova_ESP,542,178,8.0,1.38,20.79,1.08,32.84,91.05,96.01
2021-11-01,2021,Demand Gen,Brand_Discovery_DE_NL_CH_BE,Last Minute DE,6642,185,0.0,0.0,0.14,1.0,2.79,,38.06
2021-11-01,2021,Demand Gen,Brand_Discovery_USA,Lisbon Vacations,5874,149,0.0,0.0,0.0,0.0,2.54,,96.45
2021-11-01,2021,Search,Sales_PT,Marca Sta Marta PT,869,255,13.0,1.62,26.27,1.12,29.34,69.21,34.29
2021-11-01,2021,Search,Sales_PT,Marca Liberdade PT,796,173,9.0,0.33,17.92,0.81,21.73,59.45,24.11
2021-11-01,2021,Demand Gen,Brand_Discovery_UK,Planning_Trip_Lisbon_UK,6281,331,0.0,0.0,0.0,0.0,5.27,,43.23
2021-11-01,2021,Demand Gen,Brand_Discovery_BR,BrandDiscovery_General_BR,12380,998,0.0,0.0,0.0,0.0,8.06,,61.06
2021-11-01,2021,Search,Restaurant_ENG,Restaurants near me,624,27,0.0,0.0,0.0,0.0,4.33,59.38,44.67
2021-11-01,2021,Search,Restaurant_ENG,Buffet Restaurant,6,0,0.0,0.0,0.0,0.0,0.0,100.0,0.0
2021-12-01,2021,Search,Sales_FR_BE_CH,Marca_Antiga FR,63,21,0.0,0.0,14.29,1.0,33.33,75.0,8.94
2021-12-01,2021,Search,Sales_FR_BE_CH,Marca_Nova_FR,166,63,1.0,0.0,41.27,0.96,37.95,78.85,47.24
2021-12-01,2021,Demand Gen,Brand_Discovery_ESP,Discovery_Interesses_ESP,77295,2995,0.0,0.0,0.1,1.0,3.87,,129.37
2021-12-01,2021,Search,Sales_ESP,Marca_Antiga ESP,56,17,0.0,0.0,11.76,1.0,30.36,82.35,4.7
2021-12-01,2021,Search,Sales_ESP,Marca_Nova_ESP,272,83,1.0,0.0,39.76,0.97,30.51,96.77,54.37
2021-12-01,2021,Demand Gen,Brand_Discovery_DE_NL_CH_BE,Last Minute DE,612,42,0.0,0.0,0.0,0.0,6.86,,3.98
2021-12-01,2021,Demand Gen,Brand_Discovery_USA,Lisbon Vacations,1485,18,0.0,0.0,0.0,0.0,1.21,,27.14
2021-12-01,2021,Demand Gen,Brand_Discovery_PT,BA_DiscoveryGeral_PT,9277,383,0.0,0.0,4.31,1.0,4.13,,46.36
2021-12-01,2021,Demand Gen,Brand_Discovery_PT,BA_Discovery_Spa_PT,8,1,0.0,0.0,0.0,0.0,12.5,,0.07
2021-12-01,2021,Search,Sales_PT,Marca Sta Marta PT,822,262,10.0,1.0,14.12,1.0,31.87,76.56,38.03
2021-12-01,2021,Search,Sales_PT,Marca Liberdade PT,718,187,14.0,0.79,29.95,0.95,26.04,73.94,32.54
2021-12-01,2021,Demand Gen,Brand_Discovery_UK,Planning_Trip_Lisbon_UK,2261,62,0.0,0.0,0.0,0.0,2.74,,15.04
2021-12-01,2021,Demand Gen,Brand_Discovery_BR,BrandDiscovery_General_BR,2413,116,0.0,0.0,0.43,1.0,4.81,,15.99
2021-12-01,2021,Search,Restaurant_ENG,Restaurants near me,284,19,0.0,0.0,0.0,0.0,6.69,66.58,30.75
2021-12-01,2021,Search,Restaurant_ENG,Buffet Restaurant,3,1,0.0,0.0,0.0,0.0,33.33,50.0,1.17
2022-01-01,2022,Search,Sales_FR_BE_CH,Marca_Antiga FR,120,37,0.0,0.0,16.22,1.0,30.83,66.67,15.07
2022-01-01,2022,Search,Sales_FR_BE_CH,Marca_Nova_FR,371,101,3.0,0.0,20.79,0.86,27.22,70.36,45.73
2022-01-01,2022,Search,Brand_CityBreak_Europe,Lisbon Weekend Break,582,34,0.0,0.0,0.0,0.0,5.84,24.19,53.93
2022-01-01,2022,Search,Brand_Awareness_PT,Boutique Hotel Lisboa,235,56,1.0,0.0,1.79,0.0,23.83,62.01,30.1
2022-01-01,2022,Search,Brand_Awareness_PT,Hotel Jacuzzi Quarto,1714,422,0.0,0.0,1.9,1.0,24.62,39.78,37.98
2022-01-01,2022,Demand Gen,Brand_Discovery_FR,Offre de Dernière Minute,11009,398,0.0,0.0,0.07,1.0,3.62,,76.12
2022-01-01,2022,Demand Gen,Brand_Discovery_ESP,Discovery_Interesses_ESP,34464,2629,1.0,0.0,0.39,0.91,7.63,,79.76
2022-01-01,2022,Search,Sales_ESP,Marca_Antiga ESP,66,27,0.0,0.0,0.0,0.0,40.91,81.48,11.05
2022-01-01,2022,Search,Sales_ESP,Marca_Nova_ESP,284,109,13.0,1.46,17.43,1.32,38.38,92.51,85.59
2022-01-01,2022,Demand Gen,Brand_Discovery_DE_NL_CH_BE,Last Minute DE,797,92,0.0,0.0,1.03,1.0,11.54,,5.35
2022-01-01,2022,Search,Brand_Awareness_ESP,Hotel con encanto,141,61,0.0,0.0,0.0,0.0,43.26,50.91,65.3
2022-01-01,2022,Search,Brand_Awareness_ESP,Escapadas Lisboa,68,11,0.0,0.0,0.0,0.0,16.18,48.18,10.45
2022-01-01,2022,Demand Gen,Brand_Discovery_USA,Lisbon Vacations,3520,87,0.0,0.0,0.0,0.0,2.47,,49.14
2022-01-01,2022,Demand Gen,Brand_Discovery_PT,BA_DiscoveryGeral_PT,15192,592,0.0,0.0,0.3,1.0,3.9,,54.15
2022-01-01,2022,Search,Sales_PT,Marca Sta Marta PT,1123,375,14.0,1.29,11.2,1.1,33.39,81.97,48.26
2022-01-01,2022,Search,Sales_PT,Marca Liberdade PT,1481,416,21.0,1.19,30.77,1.03,28.09,83.36,72.71
2022-01-01,2022,Demand Gen,Brand_Discovery_UK,Planning_Trip_Lisbon_UK,5049,334,0.0,0.0,0.0,0.0,6.62,,22.84
2022-02-01,2022,Search,Sales_FR_BE_CH,Marca_Antiga FR,295,49,0.0,0.0,16.33,1.0,16.61,62.77,8.62
2022-02-01,2022,Search,Sales_FR_BE_CH,Marca_Nova_FR,903,172,4.0,0.0,40.12,1.07,19.05,62.77,50.82
2022-02-01,2022,Search,Brand_Awareness_PT,Boutique Hotel Lisboa,102,19,0.0,0.0,0.0,0.0,18.63,67.11,10.83
2022-02-01,2022,Search,Brand_Awareness_PT,Hotel Jacuzzi Quarto,677,169,0.0,0.0,0.59,1.0,24.96,45.26,16.23
2022-02-01,2022,Demand Gen,Brand_Discovery_FR,Offre de Dernière Minute,8587,261,0.0,0.0,0.16,1.0,3.04,,67.2
2022-02-01,2022,Demand Gen,Brand_Discovery_ESP,Discovery_Interesses_ESP,26550,2204,0.0,0.0,0.21,1.0,8.3,,70.28
2022-02-01,2022,Search,Sales_ESP,Marca_Antiga ESP,87,31,1.0,0.0,19.35,0.83,35.63,81.9,20.06
2022-02-01,2022,Search,Sales_ESP,Marca_Nova_ESP,457,150,9.0,0.0,33.33,0.82,32.82,91.37,68.93
2022-02-01,2022,Demand Gen,Brand_Discovery_DE_NL_CH_BE,Last Minute DE,235,22,0.0,0.0,0.0,0.0,9.36,,1.13
2022-02-01,2022,Search,Brand_Awareness_ESP,Hotel con encanto,525,146,1.0,0.0,0.68,0.0,27.81,68.46,134.49
2022-02-01,2022,Search,Brand_Awareness_ESP,Escapadas Lisboa,244,33,0.0,0.0,0.0,0.0,13.52,52.18,17.62
2022-02-01,2022,Demand Gen,Brand_Discovery_USA,Lisbon Vacations,7876,158,0.0,0.0,0.4,1.0,2.01,,69.05
2022-02-01,2022,Demand Gen,Brand_Discovery_PT,BA_DiscoveryGeral_PT,10413,262,0.0,0.0,0.08,1.0,2.52,,44.29
2022-02-01,2022,Search,Sales_PT,Marca Sta Marta PT,1145,381,13.0,0.92,31.23,0.99,33.28,79.6,55.4
2022-02-01,2022,Search,Sales_PT,Marca Liberdade PT,1582,402,24.0,0.79,25.62,0.95,25.41,70.71,87.46
2022-02-01,2022,Demand Gen,Brand_Discovery_UK,Planning_Trip_Lisbon_UK,7925,258,0.0,0.0,1.28,1.0,3.26,,36.34
2022-03-01,2022,Search,Sales_FR_BE_CH,Marca_Antiga FR,166,43,0.0,0.0,11.63,1.0,25.9,67.21,13.19
2022-03-01,2022,Search,Sales_FR_BE_CH,Marca_Nova_FR,532,124,2.0,0.0,29.03,0.94,23.31,68.9,46.81
2022-03-01,2022,Demand Gen,Brand_Discovery_FR,Offre de Dernière Minute,11299,324,0.0,0.0,0.0,0.0,2.87,,74.76
2022-03-01,2022,Demand Gen,Brand_Discovery_ESP,Discovery_Interesses_ESP,49649,2991,0.0,0.0,0.06,1.0,6.02,,99.87
2022-03-01,2022,Search,Sales_ESP,Marca_Antiga ESP,100,24,1.0,1.0,37.5,1.0,24.0,74.24,12.89
2022-03-01,2022,Search,Sales_ESP,Marca_Nova_ESP,462,141,5.0,0.0,29.08,0.88,30.52,87.52,70.97
2022-03-01,2022,Demand Gen,Brand_Discovery_DE_NL_CH_BE,Last Minute DE,373,35,0.0,0.0,0.0,0.0,9.38,,1.32
2022-03-01,2022,Search,Brand_Awareness_ESP,Hotel con encanto,512,147,1.0,0.0,2.72,0.75,28.71,66.84,140.27
2022-03-01,2022,Search,Brand_Awareness_ESP,Escapadas Lisboa,201,15,0.0,0.0,0.0,0.0,7.46,22.15,6.38
2022-03-01,2022,Demand Gen,Brand_Discovery_USA,Lisbon Vacations,12982,161,0.0,0.0,0.62,1.0,1.24,,93.03
2022-03-01,2022,Demand Gen,Brand_Discovery_PT,BA_DiscoveryGeral_PT,14050,401,0.0,0.0,0.21,1.0,2.85,,49.91
2022-03-01,2022,Search,Sales_PT,Marca Sta Marta PT,1021,282,16.0,1.44,16.67,1.15,27.62,69.94,37.23
2022-03-01,2022,Search,Sales_PT,Marca Liberdade PT,1810,411,16.0,0.81,26.28,0.97,22.71,66.95,65.89
2022-03-01,2022,Demand Gen,Brand_Discovery_UK,Planning_Trip_Lisbon_UK,17298,484,0.0,0.0,0.33,1.0,2.8,,122.0
2022-03-01,2022,Demand Gen,Seasonal_Easter_ESP,Semana_Santa_ESP,64,8,0.0,0.0,0.0,0.0,12.5,,1.01
2022-04-01,2022,Search,Sales_FR_BE_CH,Marca_Antiga FR,79,15,0.0,0.0,120.0,1.0,18.99,68.1,4.51
2022-04-01,2022,Search,Sales_FR_BE_CH,Marca_Nova_FR,206,49,2.0,0.0,40.82,0.9,23.79,68.21,22.35
2022-04-01,2022,Search,Brand_Awareness_PT,Boutique Hotel Lisboa,9,0,0.0,0.0,0.0,0.0,0.0,20.93,0.0
2022-04-01,2022,Demand Gen,Brand_Discovery_FR,Offre de Dernière Minute,2679,64,0.0,0.0,0.0,0.0,2.39,,27.0
2022-04-01,2022,Demand Gen,Brand_Discovery_ESP,Discovery_Interesses_ESP,21601,1180,0.0,0.0,0.14,1.0,5.46,,43.28
2022-04-01,2022,Search,Sales_ESP,Marca_Antiga ESP,65,17,0.0,0.0,0.0,0.0,26.15,79.27,4.8
2022-04-01,2022,Search,Sales_ESP,Marca_Nova_ESP,218,64,1.0,0.0,28.13,0.94,29.36,89.34,35.17
2022-04-01,2022,Demand Gen,Brand_Discovery_DE_NL_CH_BE,Last Minute DE,95,8,0.0,0.0,0.0,0.0,8.42,,0.27
2022-04-01,2022,Search,Brand_Awareness_ESP,Hotel con encanto,307,59,1.0,0.0,1.69,0.0,19.22,52.3,40.21
2022-04-01,2022,Search,Brand_Awareness_ESP,Escapadas Lisboa,87,7,0.0,0.0,0.0,0.0,8.05,10.9,2.2
2022-04-01,2022,Demand Gen,Brand_Discovery_USA,Lisbon Vacations,5001,43,0.0,0.0,0.0,0.0,0.86,,48.6
2022-04-01,2022,Search,Sales_PT,Marca Sta Marta PT,361,94,13.0,0.69,37.23,0.89,26.04,66.54,16.33
2022-04-01,2022,Search,Sales_PT,Marca Liberdade PT,716,166,3.0,1.0,67.47,1.0,23.18,66.39,37.31
2022-04-01,2022,Demand Gen,Brand_Discovery_UK,Planning_Trip_Lisbon_UK,4893,189,0.0,0.0,0.46,1.0,3.86,,37.75
2022-04-01,2022,Demand Gen,Seasonal_Easter_ESP,Semana_Santa_ESP,287,39,0.0,0.0,0.0,0.0,13.59,,12.07
2022-05-01,2022,Search,Sales_FR_BE_CH,Marca_Antiga FR,65,16,0.0,0.0,18.75,1.0,24.62,83.33,8.42
2022-05-01,2022,Search,Sales_FR_BE_CH,Marca_Nova_FR,122,27,0.0,0.0,59.26,1.0,22.13,80.79,19.24
2022-05-01,2022,Search,Sales_ESP,Marca_Antiga ESP,59,12,0.0,0.0,58.33,1.0,20.34,80.82,15.91
2022-05-01,2022,Search,Sales_ESP,Marca_Nova_ESP,77,17,0.0,0.0,5.88,1.0,22.08,85.56,8.02
2022-05-01,2022,Demand Gen,Brand_Discovery_DE_NL_CH_BE,Last Minute DE,549,35,0.0,0.0,0.0,0.0,6.38,,4.47
2022-05-01,2022,Search,Brand_Awareness_ESP,Hotel con encanto,269,70,0.0,0.0,0.0,0.0,26.02,62.04,57.96
2022-05-01,2022,Search,Brand_Awareness_ESP,Escapadas Lisboa,85,5,0.0,0.0,0.0,0.0,5.88,10.45,1.79
2022-05-01,2022,Demand Gen,Brand_Discovery_USA,Lisbon Vacations,5661,112,0.0,0.0,0.0,0.0,1.98,,57.7
2022-05-01,2022,Search,Sales_PT,Marca Sta Marta PT,327,80,2.0,1.0,8.75,1.0,24.46,67.78,24.13
2022-05-01,2022,Search,Sales_PT,Marca Liberdade PT,771,191,5.0,1.0,49.21,1.0,24.77,73.8,40.76
2022-05-01,2022,Demand Gen,Brand_Discovery_UK,Planning_Trip_Lisbon_UK,1507,80,0.0,0.0,1.49,1.0,5.31,,5.78
2022-06-01,2022,Search,Sales_FR_BE_CH,Marca_Antiga FR,81,33,2.0,0.0,42.42,0.86,40.74,64.52,14.26
2022-06-01,2022,Search,Sales_FR_BE_CH,Marca_Nova_FR,367,73,1.0,0.0,13.7,1.8,19.89,67.34,45.0
2022-06-01,2022,Search,Brand_Awareness_FR,Hotel Charme,109,11,0.0,0.0,0.0,0.0,10.09,41.44,7.87
2022-06-01,2022,Search,Brand_Awareness_FR,Hotel Spa Lisbonne,69,15,0.0,0.0,0.0,0.0,21.74,56.2,8.43
2022-06-01,2022,Demand Gen,Brand_Discovery_FR,Offre de Dernière Minute,4798,78,0.0,0.0,0.0,0.0,1.63,,44.43
2022-06-01,2022,Demand Gen,Brand_Discovery_ESP,Discovery_Interesses_ESP,15250,1202,0.0,0.0,0.12,1.0,7.88,,58.04
2022-06-01,2022,Search,Sales_ESP,Marca_Antiga ESP,96,35,1.0,1.0,5.71,1.0,36.46,78.69,21.91
2022-06-01,2022,Search,Sales_ESP,Marca_Nova_ESP,194,68,2.0,0.0,10.29,0.71,35.05,87.67,37.13
2022-06-01,2022,Demand Gen,Brand_Discovery_DE_NL_CH_BE,Last Minute DE,379,36,0.0,0.0,2.7,1.0,9.5,,1.22
2022-06-01,2022,Search,Brand_Awareness_ESP,Hotel con encanto,522,131,0.0,0.0,0.0,0.0,25.1,43.53,82.87
2022-06-01,2022,Search,Brand_Awareness_ESP,Escapadas Lisboa,151,14,0.0,0.0,0.0,0.0,9.27,5.0,8.14
2022-06-01,2022,Demand Gen,Brand_Discovery_USA,Lisbon Vacations,11152,319,0.0,0.0,1.61,1.0,2.86,,102.49
2022-06-01,2022,Demand Gen,Brand_Discovery_PT,BA_DiscoveryGeral_PT,244,9,0.0,0.0,0.0,0.0,3.69,,0.54
2022-06-01,2022,Search,Sales_PT,Marca Sta Marta PT,649,155,8.0,1.0,52.9,1.0,23.88,62.33,30.14
2022-06-01,2022,Search,Sales_PT,Marca Liberdade PT,1607,359,9.0,2.44,22.28,1.16,22.34,63.07,44.31
2022-06-01,2022,Demand Gen,Brand_Discovery_UK,Planning_Trip_Lisbon_UK,7764,202,0.0,0.0,0.0,0.0,2.6,,61.1
2022-07-01,2022,Search,Sales_FR_BE_CH,Marca_Antiga FR,78,13,0.0,0.0,7.69,1.0,16.67,54.17,7.3
2022-07-01,2022,Search,Sales_FR_BE_CH,Marca_Nova_FR,339,66,0.0,0.0,31.82,1.0,19.47,71.07,53.47
2022-07-01,2022,Search,Brand_Awareness_FR,Hotel Charme,310,44,0.0,0.0,0.0,0.0,14.19,35.48,41.2
2022-07-01,2022,Search,Brand_Awareness_FR,Hotel Spa Lisbonne,233,28,0.0,0.0,0.0,0.0,12.02,20.4,20.24
2022-07-01,2022,Demand Gen,Brand_Discovery_FR,Offre de Dernière Minute,13649,218,0.0,0.0,0.0,0.0,1.6,,102.15
2022-07-01,2022,Demand Gen,Brand_Discovery_ESP,Discovery_Interesses_ESP,33121,2416,0.0,0.0,0.33,1.0,7.29,,125.56
2022-07-01,2022,Search,Sales_ESP,Marca_Antiga ESP,136,43,1.0,0.0,18.6,0.88,31.62,82.42,10.78
2022-07-01,2022,Search,Sales_ESP,Marca_Nova_ESP,466,172,8.0,0.13,40.7,0.9,36.91,89.75,86.47
2022-07-01,2022,Demand Gen,Brand_Discovery_DE_NL_CH_BE,Last Minute DE,31386,375,0.0,0.0,0.0,0.0,1.19,,80.14
2022-07-01,2022,Search,Brand_Awareness_ESP,Hotel con encanto,513,106,1.0,0.0,0.94,0.0,20.66,38.68,77.04
2022-07-01,2022,Search,Brand_Awareness_ESP,Escapadas Lisboa,327,31,0.0,0.0,0.0,0.0,9.48,10.69,14.15
2022-07-01,2022,Demand Gen,Brand_Discovery_USA,Lisbon Vacations,11311,336,0.0,0.0,0.2,1.0,2.97,,122.97
2022-07-01,2022,Search,Sales_PT,Marca Sta Marta PT,488,121,3.0,1.0,12.4,1.0,24.8,54.25,17.14
2022-07-01,2022,Search,Sales_PT,Marca Liberdade PT,1474,300,17.0,1.29,22.67,1.07,20.35,59.74,47.33
2022-07-01,2022,Demand Gen,Brand_Discovery_UK,Planning_Trip_Lisbon_UK,5876,280,0.0,0.0,0.43,1.0,4.77,,60.71
2022-08-01,2022,Search,Sales_FR_BE_CH,Marca_Antiga FR,101,20,0.0,0.0,15.0,4.0,19.8,62.66,8.67
2022-08-01,2022,Search,Sales_FR_BE_CH,Marca_Nova_FR,386,99,2.0,0.0,44.44,1.16,25.65,65.18,53.88
2022-08-01,2022,Search,Restaurant_PT,Restaurante sem gluten,4,0,0.0,0.0,0.0,0.0,0.0,80.0,0.0
2022-08-01,2022,Search,Restaurant_PT,Restaurante perto de mim,396,51,0.0,0.0,0.0,0.0,12.88,47.14,49.69
2022-08-01,2022,Search,Brand_Awareness_FR,Hotel Charme,346,44,0.0,0.0,0.0,0.0,12.72,27.18,40.26
2022-08-01,2022,Search,Brand_Awareness_FR,Hotel Spa Lisbonne,260,34,0.0,0.0,0.0,0.0,13.08,15.02,20.74
2022-08-01,2022,Search,Sales_ESP,Marca_Antiga ESP,136,35,0.0,0.0,8.57,1.0,25.74,76.16,10.83
2022-08-01,2022,Search,Sales_ESP,Marca_Nova_ESP,416,119,4.0,2.75,24.37,1.24,28.61,79.88,56.81
2022-08-01,2022,Demand Gen,Brand_Discovery_DE_NL_CH_BE,Last Minute DE,5924,139,0.0,0.0,0.0,0.0,2.35,,33.29
2022-08-01,2022,Search,Brand_Awareness_ESP,Hotel con encanto,461,103,0.0,0.0,0.0,0.0,22.34,36.93,77.1
2022-08-01,2022,Search,Brand_Awareness_ESP,Escapadas Lisboa,162,15,0.0,0.0,0.0,0.0,9.26,5.0,13.55
2022-08-01,2022,Demand Gen,Brand_Discovery_USA,Lisbon Vacations,10793,340,0.0,0.0,0.73,1.0,3.15,,122.03
2022-08-01,2022,Search,Sales_PT,Marca Sta Marta PT,415,102,5.0,2.8,17.65,1.5,24.58,50.89,21.46
2022-08-01,2022,Search,Sales_PT,Marca Liberdade PT,1373,299,6.0,0.67,24.41,0.97,21.78,56.96,47.01
2022-08-01,2022,Demand Gen,Brand_Discovery_UK,Planning_Trip_Lisbon_UK,4412,224,0.0,0.0,0.0,0.0,5.08,,61.32
2022-08-01,2022,Search,Restaurant_ENG,Restaurants near me,534,30,0.0,0.0,0.0,0.0,5.62,32.22,47.84
2022-09-01,2022,Search,Sales_UK_IE,Marca Liberdade UK,53,12,0.0,0.0,16.67,5.5,22.64,65.79,12.65
2022-09-01,2022,Search,Sales_FR_BE_CH,Marca_Antiga FR,101,32,0.0,0.0,3.13,1.0,31.68,58.72,11.59
2022-09-01,2022,Search,Sales_FR_BE_CH,Marca_Nova_FR,307,70,1.0,0.0,25.71,0.94,22.8,71.56,45.7
2022-09-01,2022,Search,Brand_Awareness_FR,Hotel Charme,381,41,0.0,0.0,2.44,1.0,10.76,27.75,42.56
2022-09-01,2022,Search,Brand_Awareness_FR,Hotel Spa Lisbonne,269,28,0.0,0.0,0.0,0.0,10.41,13.85,18.22
2022-09-01,2022,Search,Sales_ESP,Marca_Antiga ESP,153,59,0.0,0.0,16.95,1.0,38.56,83.61,19.07
2022-09-01,2022,Search,Sales_ESP,Marca_Nova_ESP,338,99,2.0,0.0,19.19,0.89,29.29,81.45,55.58
2022-09-01,2022,Demand Gen,Brand_Discovery_DE_NL_CH_BE,Last Minute DE,11392,257,0.0,0.0,0.0,0.0,2.26,,35.41
2022-09-01,2022,Search,Brand_Awareness_ESP,Hotel con encanto,417,87,0.0,0.0,0.0,0.0,20.86,45.12,82.8
2022-09-01,2022,Search,Brand_Awareness_ESP,Escapadas Lisboa,131,10,0.0,0.0,0.0,0.0,7.63,10.65,5.38
2022-09-01,2022,Demand Gen,Brand_Discovery_USA,Lisbon Vacations,8407,343,0.0,0.0,0.82,1.0,4.08,,116.75
2022-09-01,2022,Search,Sales_PT,Marca Sta Marta PT,543,136,17.0,0.94,24.27,0.97,25.05,52.77,27.41
2022-09-01,2022,Search,Sales_PT,Marca Liberdade PT,1641,352,18.0,1.33,18.75,1.09,21.45,58.87,59.27
2022-09-01,2022,Demand Gen,Brand_Discovery_UK,Planning_Trip_Lisbon_UK,9839,277,1.0,0.0,0.26,0.75,2.82,,109.2
2022-09-01,2022,Search,Restaurant_ENG,Restaurants near me,1073,66,0.0,0.0,0.0,0.0,6.15,34.58,64.85
2022-10-01,2022,Search,Sales_UK_IE,Marca Liberdade UK,133,41,2.0,0.0,9.76,0.5,30.83,70.33,90.92
2022-10-01,2022,Search,Sales_FR_BE_CH,Marca_Antiga FR,127,35,0.0,0.0,14.29,1.0,27.56,56.44,13.12
2022-10-01,2022,Search,Sales_FR_BE_CH,Marca_Nova_FR,305,81,3.0,0.0,35.8,1.21,26.56,70.63,47.68
2022-10-01,2022,Search,Brand_Awareness_FR,Hotel Charme,350,32,0.0,0.0,0.0,0.0,9.14,28.75,31.08
2022-10-01,2022,Search,Brand_Awareness_FR,Hotel Spa Lisbonne,450,48,0.0,0.0,0.0,0.0,10.67,16.9,29.77
2022-10-01,2022,Search,Sales_ESP,Marca_Antiga ESP,122,34,1.0,0.0,138.24,0.98,27.87,85.31,15.15
2022-10-01,2022,Search,Sales_ESP,Marca_Nova_ESP,241,67,1.0,0.0,47.76,0.97,27.8,86.86,42.42
2022-10-01,2022,Demand Gen,Brand_Discovery_DE_NL_CH_BE,Last Minute DE,33636,337,0.0,0.0,0.41,1.0,1.0,,57.19
2022-10-01,2022,Search,Brand_Awareness_ESP,Hotel con encanto,440,90,0.0,0.0,0.0,0.0,20.45,52.51,83.0
2022-10-01,2022,Search,Brand_Awareness_ESP,Escapadas Lisboa,211,20,0.0,0.0,0.0,0.0,9.48,15.22,8.12
2022-10-01,2022,Demand Gen,Brand_Discovery_USA,Lisbon Vacations,9469,296,0.0,0.0,0.0,0.0,3.13,,122.52
2022-10-01,2022,Search,Sales_PT,Marca Sta Marta PT,613,191,7.0,1.0,13.09,1.0,31.16,58.49,39.67
2022-10-01,2022,Search,Sales_PT,Marca Liberdade PT,1629,425,21.0,1.95,34.82,1.14,26.09,64.83,67.52
2022-10-01,2022,Demand Gen,Brand_Discovery_UK,Planning_Trip_Lisbon_UK,15935,269,0.0,0.0,0.1,1.0,1.69,,122.94
2022-10-01,2022,Search,Restaurant_ENG,Restaurants near me,1202,74,0.0,0.0,0.0,0.0,6.16,34.74,63.0
2022-11-01,2022,Search,Sales_UK_IE,Marca Liberdade UK,123,47,0.0,0.0,21.28,2.8,38.21,73.94,90.96
2022-11-01,2022,Search,Sales_FR_BE_CH,Marca_Antiga FR,79,15,0.0,0.0,26.67,1.0,18.99,45.93,9.27
2022-11-01,2022,Search,Sales_FR_BE_CH,Marca_Nova_FR,521,114,1.0,0.0,13.16,0.93,21.88,65.87,49.67
2022-11-01,2022,Search,Restaurant_PT,Restaurante Grupos,55,6,0.0,0.0,0.0,0.0,10.91,100.0,6.74
2022-11-01,2022,Search,Brand_Awareness_FR,Hotel Charme,284,24,0.0,0.0,0.0,0.0,8.45,27.39,30.02
2022-11-01,2022,Search,Brand_Awareness_FR,Hotel Spa Lisbonne,398,52,0.0,0.0,0.0,0.0,13.07,13.39,30.95
2022-11-01,2022,Demand Gen,Brand_Discovery_ESP,Discovery_Interesses_ESP,50083,5595,0.0,0.0,0.69,1.0,11.17,,87.63
2022-11-01,2022,Search,Sales_ESP,Marca_Antiga ESP,71,29,0.0,0.0,3.45,1.0,40.85,76.34,10.66
2022-11-01,2022,Search,Sales_ESP,Marca_Nova_ESP,444,115,6.0,3.83,26.09,1.57,25.9,85.1,43.85
2022-11-01,2022,Demand Gen,Brand_Discovery_DE_NL_CH_BE,Last Minute DE,1912,45,0.0,0.0,0.0,0.0,2.35,,7.61
2022-11-01,2022,Search,Brand_Awareness_ESP,Hotel con encanto,442,102,0.0,0.0,3.92,1.0,23.08,53.45,88.08
2022-11-01,2022,Search,Brand_Awareness_ESP,Escapadas Lisboa,212,23,0.0,0.0,0.0,0.0,10.85,15.69,15.09
2022-11-01,2022,Demand Gen,Brand_Discovery_USA,Lisbon Vacations,9701,362,0.0,0.0,0.69,1.0,3.73,,122.1
2022-11-01,2022,Search,Sales_PT,Marca Sta Marta PT,530,175,12.35,0.92,15.05,0.96,33.02,57.0,28.1
2022-11-01,2022,Search,Sales_PT,Marca Liberdade PT,1301,361,12.02,1.33,28.26,1.04,27.75,58.37,47.78
2022-11-01,2022,Demand Gen,Brand_Discovery_UK,Planning_Trip_Lisbon_UK,10216,228,0.0,0.0,0.19,1.0,2.23,,86.1
2022-11-01,2022,Search,Restaurant_ENG,Restaurants near me,2472,219,0.0,0.0,0.0,0.0,8.86,22.43,90.35
2022-12-01,2022,Search,Sales_UK_IE,Marca Liberdade UK,109,38,1.0,0.0,10.53,0.75,34.86,61.58,92.62
2022-12-01,2022,Search,Sales_FR_BE_CH,Marca_Antiga FR,78,15,0.0,0.0,0.0,0.0,19.23,54.61,5.33
2022-12-01,2022,Search,Sales_FR_BE_CH,Marca_Nova_FR,486,125,3.0,0.0,36.8,0.93,25.72,62.79,55.36
2022-12-01,2022,Search,Restaurant_PT,Restaurante sem gluten,35,6,0.0,0.0,0.0,0.0,17.14,53.85,5.02
2022-12-01,2022,Search,Restaurant_PT,Jantar Fim Ano,762,105,0.0,0.0,0.0,0.0,13.78,39.09,81.59
2022-12-01,2022,Search,Restaurant_PT,Brunch Ano Novo,209,26,0.0,0.0,0.0,0.0,12.44,41.53,8.52
2022-12-01,2022,Search,Restaurant_PT,Restaurante Grupos,396,67,0.0,0.0,11.94,1.0,16.92,84.05,58.07
2022-12-01,2022,Search,Brand_Awareness_FR,Hotel Charme,189,20,0.0,0.0,5.0,1.0,10.58,28.48,20.45
2022-12-01,2022,Search,Brand_Awareness_FR,Hotel Spa Lisbonne,230,33,0.0,0.0,0.0,0.0,14.35,12.53,19.9
2022-12-01,2022,Search,Brand_Awareness_PT,Boutique Hotel Lisboa,97,31,0.0,0.0,6.45,1.0,31.96,73.64,40.59
2022-12-01,2022,Demand Gen,Brand_Discovery_FR,Offre de Dernière Minute,6054,179,0.0,0.0,0.0,0.0,2.96,,41.7
2022-12-01,2022,Demand Gen,Brand_Discovery_ESP,Discovery_Interesses_ESP,31634,3775,0.0,0.0,0.03,1.0,11.93,,50.43
2022-12-01,2022,Search,Sales_ESP,Marca_Antiga ESP,55,10,0.0,0.0,10.0,1.0,18.18,76.39,5.78
2022-12-01,2022,Search,Sales_ESP,Marca_Nova_ESP,354,127,7.0,5.71,20.47,2.27,35.88,87.16,65.62
2022-12-01,2022,Demand Gen,Brand_Discovery_DE_NL_CH_BE,Last Minute DE,4092,180,0.0,0.0,0.37,1.0,4.4,,72.06
2022-12-01,2022,Search,Brand_Awareness_ESP,Hotel con encanto,321,76,0.0,0.0,0.0,0.0,23.68,62.75,77.8
2022-12-01,2022,Search,Brand_Awareness_ESP,Escapadas Lisboa,163,9,0.0,0.0,0.0,0.0,5.52,20.05,2.96
2022-12-01,2022,Demand Gen,Brand_Discovery_USA,Lisbon Vacations,5917,100,0.0,0.0,0.0,0.0,1.69,,88.88
2022-12-01,2022,Search,Sales_PT,Marca Sta Marta PT,673,242,10.64,1.66,16.79,1.17,35.96,64.71,41.04
2022-12-01,2022,Search,Sales_PT,Marca Liberdade PT,1252,380,35.0,1.06,33.16,1.02,30.35,58.26,80.68
2022-12-01,2022,Demand Gen,Brand_Discovery_UK,Planning_Trip_Lisbon_UK,5367,149,0.0,0.0,0.17,1.0,2.78,,56.71
2022-12-01,2022,Demand Gen,Brand_Discovery_UK,New Year in Lisbon,5592,37,0.0,0.0,0.0,0.0,0.66,,35.74
2022-12-01,2022,Search,Restaurant_ENG,Restaurants near me,1452,106,0.0,0.0,0.0,0.0,7.3,31.09,58.61
2022-12-01,2022,Search,Seasonal_NewYear_PT,Passagem de Ano Hotel,3764,572,0.0,0.0,0.17,1.0,15.2,21.44,179.36
2022-12-01,2022,Demand Gen,Seasonal_NewYear_PT_2,Brand_Discovery_Passagem_Ano,27753,908,0.0,0.0,0.0,0.0,3.27,,104.36
2023-01-01,2023,Search,Sales_UK_IE,Marca Liberdade UK,264,86,8.0,0.0,26.74,1.04,32.58,71.51,93.18
2023-01-01,2023,Search,Sales_FR_BE_CH,Marca_Antiga FR,107,28,0.0,0.0,10.71,1.0,26.17,55.49,8.36
2023-01-01,2023,Search,Sales_FR_BE_CH,Marca_Nova_FR,631,183,8.0,0.0,32.79,1.47,29.0,72.69,50.7
2023-01-01,2023,Search,Restaurant_PT,Restaurante sem gluten,10,3,0.0,0.0,0.0,0.0,30.0,32.26,0.82
2023-01-01,2023,Search,Restaurant_PT,Restaurante perto de mim,592,114,0.0,0.0,0.0,0.0,19.26,35.66,38.57
2023-01-01,2023,Search,Brand_Awareness_FR,Hotel Charme,352,52,0.0,0.0,0.0,0.0,14.77,39.33,44.26
2023-01-01,2023,Search,Brand_Awareness_FR,Hotel Spa Lisbonne,344,39,0.0,0.0,7.69,1.0,11.34,16.45,30.02
2023-01-01,2023,Demand Gen,Brand_Discovery_FR,Offre de Dernière Minute,9276,553,0.0,0.0,0.16,1.0,5.96,,57.06
2023-01-01,2023,Search,Sales_ESP,Marca_Antiga ESP,75,32,1.0,0.0,3.13,0.0,42.67,92.59,13.47
2023-01-01,2023,Search,Sales_ESP,Marca_Nova_ESP,335,122,6.0,1.67,18.03,1.18,36.42,86.3,84.92
2023-01-01,2023,Demand Gen,Brand_Discovery_USA,Lisbon Vacations,10316,299,0.0,0.0,0.13,1.0,2.9,,116.93
2023-01-01,2023,Search,Sales_PT,Marca Sta Marta PT,787,252,10.0,0.7,15.87,0.93,32.02,58.64,28.2
2023-01-01,2023,Search,Sales_PT,Marca Liberdade PT,1881,462,38.0,0.47,23.16,0.81,24.56,54.1,96.98
2023-01-01,2023,Demand Gen,Brand_Discovery_UK,Planning_Trip_Lisbon_UK,9079,576,1.0,0.0,1.38,0.92,6.34,,70.63
2023-02-01,2023,Search,Sales_UK_IE,Marca Liberdade UK,336,82,0.0,0.0,6.1,97.86,24.4,78.82,109.83
2023-02-01,2023,Search,Sales_USA_CA,Marca USA_CA,210,40,0.0,0.0,0.0,0.0,19.05,63.66,114.97
2023-02-01,2023,Search,Sales_FR_BE_CH,Marca_Antiga FR,10,2,0.0,0.0,0.0,0.0,20.0,47.62,0.73
2023-02-01,2023,Search,Sales_FR_BE_CH,Marca_Nova_FR,1116,239,0.0,0.0,12.97,1.0,21.42,52.23,59.22
2023-02-01,2023,Search,Restaurant_PT,Restaurante sem gluten,15,4,0.0,0.0,0.0,0.0,26.67,40.54,1.36
2023-02-01,2023,Search,Restaurant_PT,Restaurante perto de mim,741,150,0.0,0.0,0.0,0.0,20.24,41.77,53.9
2023-02-01,2023,Demand Gen,Brand_Discovery_FR,Offre de Dernière Minute,38410,1294,0.0,0.0,0.0,0.0,3.37,,112.96
2023-02-01,2023,Search,Sales_ESP,Marca_Antiga ESP,15,2,0.0,0.0,0.0,0.0,13.33,88.24,1.62
2023-02-01,2023,Search,Sales_ESP,Marca_Nova_ESP,382,113,2.0,,3.54,564.84,29.58,84.67,58.93
2023-02-01,2023,Demand Gen,Brand_Discovery_DE_NL_CH_BE,Last Minute DE,5238,569,0.0,0.0,0.0,0.0,10.86,,56.54
2023-02-01,2023,Demand Gen,Brand_Discovery_USA,Lisbon Vacations,18167,414,0.0,0.0,0.07,1.0,2.28,,193.14
2023-02-01,2023,Search,Sales_PT,Marca Sta Marta PT,143,52,0.0,0.0,5.77,1.0,36.36,62.45,7.68
2023-02-01,2023,Search,Sales_PT,Marca Liberdade PT,1977,445,16.0,259.78,27.19,35.22,22.51,49.88,81.91
2023-02-01,2023,Demand Gen,Brand_Discovery_UK,Planning_Trip_Lisbon_UK,21401,1094,0.0,0.0,0.1,1.0,5.11,,186.56
2023-03-01,2023,Search,Sales_UK_IE,Marca Liberdade UK,394,99,0.0,0.0,1.01,770.66,25.13,73.73,119.72
2023-03-01,2023,Search,Sales_USA_CA,Marca USA_CA,314,80,0.0,0.0,5.0,840.8,25.48,64.21,129.98
2023-03-01,2023,Search,Sales_FR_BE_CH,Marca_Nova_FR,669,146,0.0,0.0,0.0,0.0,21.82,54.77,58.2
2023-03-01,2023,Search,Restaurant_PT,Restaurante sem gluten,28,6,0.0,0.0,0.0,0.0,21.43,40.0,2.5
2023-03-01,2023,Search,Restaurant_PT,Restaurante perto de mim,1640,240,0.0,0.0,0.0,0.0,14.63,45.16,97.57
2023-03-01,2023,Demand Gen,Brand_Discovery_FR,Offre de Dernière Minute,19610,1579,0.0,0.0,0.0,0.0,8.05,,79.07
2023-03-01,2023,Demand Gen,Brand_Discovery_ESP,Discovery_Interesses_ESP,26474,1620,0.0,0.0,0.0,0.0,6.12,,36.65
2023-03-01,2023,Demand Gen,Brand_Discovery_ESP,Semana Santa ESP,30,1,0.0,0.0,0.0,0.0,3.33,,0.02
2023-03-01,2023,Search,Sales_ESP,Marca_Nova_ESP,464,135,3.0,182.38,2.22,182.38,29.09,81.12,55.75
2023-03-01,2023,Demand Gen,Brand_Discovery_DE_NL_CH_BE,Last Minute DE,8046,848,0.0,0.0,0.0,0.0,10.54,,87.11
2023-03-01,2023,Demand Gen,Brand_Discovery_USA,Lisbon Vacations,11919,397,0.0,0.0,0.0,0.0,3.33,,121.93
2023-03-01,2023,Search,Sales_PT,Marca Liberdade PT,2254,504,21.0,66.26,4.17,66.26,22.36,48.3,64.0
2023-03-01,2023,Demand Gen,Brand_Discovery_UK,Planning_Trip_Lisbon_UK,13184,687,0.0,0.0,0.0,0.0,5.21,,99.23
2023-04-01,2023,Search,Sales_UK_IE,Marca Liberdade UK,350,102,0.0,0.0,13.73,1.0,29.14,67.5,122.61
2023-04-01,2023,Search,Sales_USA_CA,Marca USA_CA,373,82,0.0,0.0,15.85,385.85,21.98,72.29,144.75
2023-04-01,2023,Search,Sales_FR_BE_CH,Marca_Nova_FR,520,121,0.0,0.0,10.74,91.38,23.27,63.37,59.57
2023-04-01,2023,Search,Restaurant_PT,Restaurante sem gluten,30,1,0.0,0.0,0.0,0.0,3.33,28.3,0.31
2023-04-01,2023,Search,Restaurant_PT,Restaurante perto de mim,2164,289,0.0,0.0,5.54,1.0,13.35,29.66,99.69
2023-04-01,2023,Search,Brand_Awareness_FR,Hotel Charme,102,16,0.0,0.0,0.0,0.0,15.69,18.38,7.0
2023-04-01,2023,Search,Brand_Awareness_FR,Hotel Spa Lisbonne,523,107,0.0,0.0,4.67,1.0,20.46,53.15,52.61
2023-04-01,2023,Search,Brand_Awareness_USA,Boutique Hotel Lisbon,234,17,0.0,0.0,5.88,1.0,7.26,27.66,28.45
2023-04-01,2023,Search,Brand_Awareness_USA,Hotels in Lisbon,505,42,0.0,0.0,0.0,0.0,8.32,5.0,69.56
2023-04-01,2023,Demand Gen,Brand_Discovery_FR,Offre de Dernière Minute,15647,1228,0.0,0.0,0.28,1.0,7.85,,61.59
2023-04-01,2023,Demand Gen,Brand_Discovery_ESP,Discovery_Interesses_ESP,14333,734,0.0,0.0,0.0,0.0,5.12,,17.23
2023-04-01,2023,Demand Gen,Brand_Discovery_ESP,Semana Santa ESP,20,0,0.0,0.0,0.0,0.0,0.0,,0.0
2023-04-01,2023,Search,Sales_ESP,Marca_Nova_ESP,178,61,4.0,293.57,18.03,107.39,34.27,83.96,40.79
2023-04-01,2023,Demand Gen,Brand_Discovery_DE_NL_CH_BE,Last Minute DE,3381,350,0.0,0.0,0.0,0.0,10.35,,31.39
2023-04-01,2023,Demand Gen,Brand_Discovery_USA,Lisbon Vacations,14644,468,0.0,0.0,0.67,1.0,3.2,,141.9
2023-04-01,2023,Search,Sales_PT,Marca Liberdade PT,1909,411,16.0,136.75,14.11,38.45,21.53,54.13,64.99
2023-04-01,2023,Demand Gen,Brand_Discovery_UK,Planning_Trip_Lisbon_UK,15201,395,0.0,0.0,0.0,0.0,2.6,,120.54
2023-04-01,2023,Demand Gen,Remarketing_ENG,Remarketing ENG,1493,166,0.0,0.0,0.76,1.0,11.12,,26.52
2023-04-01,2023,Display,Remarketing_Display_ENG,Ad group 1,62,0,0.0,0.0,0.0,0.0,0.0,,0.0
2023-05-01,2023,Search,Sales_UK_IE,Marca Liberdade UK,463,127,0.0,0.0,53.54,29.12,27.43,64.62,119.39
2023-05-01,2023,Search,Sales_USA_CA,Marca USA_CA,287,75,0.0,0.0,36.0,73.39,26.13,68.26,108.74
2023-05-01,2023,Search,Sales_FR_BE_CH,Marca_Nova_FR,418,125,0.0,0.0,28.0,38.07,29.9,54.09,60.79
2023-05-01,2023,Search,Restaurant_PT,Restaurante sem gluten,2,0,0.0,0.0,0.0,0.0,0.0,,0.0
2023-05-01,2023,Search,Restaurant_PT,Restaurante perto de mim,98,7,0.0,0.0,42.86,1.0,7.14,69.12,4.49
2023-05-01,2023,Search,Brand_Awareness_FR,Hotel Charme,405,62,0.0,0.0,0.0,0.0,15.31,28.01,31.26
2023-05-01,2023,Search,Brand_Awareness_FR,Hotel Spa Lisbonne,989,189,0.0,0.0,1.59,1.0,19.11,54.77,85.69
2023-05-01,2023,Search,Brand_Awareness_USA,Boutique Hotel Lisbon,439,44,1.0,,6.82,339.88,10.02,16.4,50.3
2023-05-01,2023,Search,Brand_Awareness_USA,Hotels in Lisbon,1395,130,0.0,0.0,8.46,1.0,9.32,5.0,153.81
2023-05-01,2023,Demand Gen,Brand_Discovery_DE_NL_CH_BE,Last Minute DE,3093,306,0.0,0.0,0.31,1.0,9.89,,24.59
2023-05-01,2023,Demand Gen,Brand_Discovery_USA,Lisbon Vacations,22713,392,0.0,0.0,0.0,0.0,1.73,,86.05
2023-05-01,2023,Search,Sales_PT,Marca Liberdade PT,1706,410,28.0,41.48,37.8,8.31,24.03,50.28,70.7
2023-05-01,2023,Demand Gen,Brand_Discovery_UK,Planning_Trip_Lisbon_UK,11212,242,0.0,0.0,0.8,1.0,2.16,,82.81
2023-05-01,2023,Search,Restaurant_ENG,Restaurants near me,555,18,0.0,0.0,55.56,1.0,3.24,5.0,6.0
2023-05-01,2023,Demand Gen,Remarketing_ENG,Remarketing ENG,1530,127,0.0,0.0,0.0,0.0,8.3,,31.63
2023-05-01,2023,Display,Remarketing_Display_ENG,Ad group 1,19,0,0.0,0.0,0.0,0.0,0.0,,0.0
2023-06-01,2023,Search,Sales_UK_IE,Marca Liberdade UK,408,116,0.0,0.0,18.1,31.05,28.43,68.47,121.26
2023-06-01,2023,Search,Sales_USA_CA,Marca USA_CA,221,49,0.0,0.0,48.98,92.65,22.17,66.67,75.37
2023-06-01,2023,Search,Sales_FR_BE_CH,Marca_Nova_FR,381,91,0.0,0.0,19.78,264.71,23.88,64.08,60.55
2023-06-01,2023,Search,Restaurant_PT,Restaurante sem gluten,54,4,0.0,0.0,0.0,0.0,7.41,45.95,2.29
2023-06-01,2023,Search,Restaurant_PT,Restaurante perto de mim,1727,196,0.0,0.0,4.08,1.0,11.35,36.14,85.26
2023-06-01,2023,Search,Brand_Awareness_FR,Hotel Charme,527,95,0.0,0.0,2.11,1.0,18.03,39.18,78.19
2023-06-01,2023,Search,Brand_Awareness_FR,Hotel Spa Lisbonne,228,48,0.0,0.0,0.0,0.0,21.05,65.52,42.42
2023-06-01,2023,Search,Brand_Awareness_USA,Boutique Hotel Lisbon,946,83,0.0,0.0,3.61,1.0,8.77,38.33,266.56
2023-06-01,2023,Demand Gen,Brand_Discovery_DE_NL_CH_BE,Last Minute DE,3761,257,0.0,0.0,0.0,0.0,6.83,,25.86
2023-06-01,2023,Demand Gen,Brand_Discovery_USA,Lisbon Vacations,15587,325,0.0,0.0,0.0,0.0,2.09,,63.06
2023-06-01,2023,Search,Sales_PT,Marca Liberdade PT,1727,404,21.0,58.82,27.97,11.75,23.39,56.17,90.71
2023-06-01,2023,Demand Gen,Brand_Discovery_UK,Planning_Trip_Lisbon_UK,1700,113,0.0,0.0,0.0,0.0,6.65,,14.83
2023-06-01,2023,Search,Restaurant_ENG,Restaurants near me,10910,384,0.0,0.0,54.43,1.0,3.52,5.0,91.01
2023-06-01,2023,Demand Gen,Remarketing_ENG,Remarketing ENG,1508,68,0.0,0.0,0.0,0.0,4.51,,30.48
2023-07-01,2023,Search,Sales_UK_IE,Marca Liberdade UK,367,105,0.0,0.0,41.9,19.85,28.61,67.78,114.22
2023-07-01,2023,Search,Sales_USA_CA,Marca USA_CA,281,67,0.0,0.0,5.97,1.0,23.84,71.72,151.99
2023-07-01,2023,Search,Sales_FR_BE_CH,Marca_Nova_FR,315,77,0.0,0.0,35.06,107.99,24.44,68.03,61.48
2023-07-01,2023,Search,Restaurant_PT,Restaurante sem gluten,42,3,0.0,0.0,0.0,0.0,7.14,15.38,1.18
2023-07-01,2023,Search,Restaurant_PT,Restaurante perto de mim,1181,132,0.0,0.0,2.27,1.0,11.18,23.48,40.89
2023-07-01,2023,Search,Brand_Awareness_FR,Hotel Charme,404,55,0.0,0.0,0.0,0.0,13.61,44.15,47.59
2023-07-01,2023,Search,Brand_Awareness_FR,Hotel Spa Lisbonne,150,32,0.0,0.0,0.0,0.0,21.33,54.89,27.55
2023-07-01,2023,Search,Brand_Awareness_USA,Boutique Hotel Lisbon,238,29,0.0,0.0,0.0,0.0,12.18,16.4,67.5
2023-07-01,2023,Demand Gen,Brand_Discovery_DE_NL_CH_BE,Last Minute DE,4913,332,0.0,0.0,0.49,1.0,6.76,,52.97
2023-07-01,2023,Demand Gen,Brand_Discovery_USA,Lisbon Vacations,7981,252,0.0,0.0,0.0,0.0,3.16,,137.28
2023-07-01,2023,Search,Sales_PT,Marca Liberdade PT,1206,269,16.0,128.49,50.19,16.11,22.31,50.31,52.29
2023-07-01,2023,Demand Gen,Brand_Discovery_UK,Planning_Trip_Lisbon_UK,6587,239,0.0,0.0,0.37,1.0,3.63,,63.5
2023-07-01,2023,Search,Restaurant_ENG,Restaurants near me,9369,337,0.0,0.0,42.73,1.0,3.6,10.01,91.57
2023-07-01,2023,Search,Brand_Awareness_BR,Hotel Lisboa,721,44,0.0,0.0,2.27,1.0,6.1,23.6,31.94
2023-07-01,2023,Search,Brand_Awareness_BR,Hotel Avenida Liberdade,70,2,0.0,0.0,0.0,0.0,2.86,42.17,1.4
2023-07-01,2023,Search,Brand_Awareness_BR,Hotel Lisboa Centro,119,6,0.0,0.0,0.0,0.0,5.04,30.81,4.33
2023-08-01,2023,Search,Sales_UK_IE,Marca Liberdade UK,329,84,0.0,0.0,7.14,1.0,25.53,65.53,120.27
2023-08-01,2023,Search,Sales_USA_CA,Marca USA_CA,306,89,3.0,361.23,20.22,61.04,29.08,72.38,152.57
2023-08-01,2023,Search,Sales_FR_BE_CH,Marca_Nova_FR,188,61,1.0,548.68,21.31,43.13,32.45,56.46,61.24
2023-08-01,2023,Search,Restaurant_PT,Restaurante sem gluten,40,3,0.0,0.0,333.33,1.0,7.5,11.63,0.74
2023-08-01,2023,Search,Restaurant_PT,Restaurante perto de mim,1466,149,0.0,0.0,8.72,1.0,10.16,20.4,45.26
2023-08-01,2023,Search,Brand_Awareness_FR,Hotel Charme,927,180,0.0,0.0,0.56,1.0,19.42,51.39,162.09
2023-08-01,2023,Search,Brand_Awareness_FR,Hotel Spa Lisbonne,461,86,0.0,0.0,0.0,0.0,18.66,69.92,81.05
2023-08-01,2023,Search,Brand_Awareness_USA,Boutique Hotel Lisbon,407,56,0.0,0.0,1.79,1.0,13.76,15.33,121.45
2023-08-01,2023,Search,Sales_ESP,Marca_Nova_ESP,321,102,3.0,108.09,43.14,8.3,31.78,79.21,38.5
2023-08-01,2023,Demand Gen,Brand_Discovery_DE_NL_CH_BE,Last Minute DE,8884,687,0.0,0.0,0.5,1.0,7.73,,98.14
2023-08-01,2023,Demand Gen,Brand_Discovery_USA,Lisbon Vacations,9447,475,0.0,0.0,0.36,1.0,5.03,,153.09
2023-08-01,2023,Search,Sales_PT,Marca Liberdade PT,944,221,14.0,116.23,33.48,22.8,23.41,44.59,43.65
2023-08-01,2023,Demand Gen,Brand_Discovery_UK,Planning_Trip_Lisbon_UK,11174,447,0.0,0.0,0.33,1.0,4.0,,95.01
2023-08-01,2023,Search,Restaurant_ENG,Restaurants near me,10812,321,0.0,0.0,32.4,1.0,2.97,13.21,90.71
2023-08-01,2023,Demand Gen,Remarketing_ENG,Remarketing ENG,5223,227,0.0,0.0,0.57,1.0,4.35,,118.22
2023-08-01,2023,Search,Brand_Awareness_BR,Hotel Lisboa,2942,198,0.0,0.0,0.0,0.0,6.73,23.33,126.63
2023-08-01,2023,Search,Brand_Awareness_BR,Hotel Avenida Liberdade,279,11,0.0,0.0,0.0,0.0,3.94,35.64,6.61
2023-08-01,2023,Search,Brand_Awareness_BR,Hotel Lisboa Centro,474,45,0.0,0.0,0.0,0.0,9.49,29.92,29.67
2023-09-01,2023,Search,Sales_UK_IE,Marca Liberdade UK,279,93,0.0,0.0,10.22,20.66,33.33,65.64,122.38
2023-09-01,2023,Search,Sales_USA_CA,Marca USA_CA,106,27,0.0,0.0,18.52,1.0,25.47,57.3,70.56
2023-09-01,2023,Search,Sales_FR_BE_CH,Marca_Nova_FR,169,60,0.0,0.0,37.5,83.63,35.5,61.9,60.61
2023-09-01,2023,Search,Brand_Awareness_FR,Hotel Charme,335,75,0.0,0.0,0.0,0.0,22.39,46.85,55.06
2023-09-01,2023,Search,Brand_Awareness_FR,Hotel Spa Lisbonne,239,60,0.0,0.0,0.0,0.0,25.1,66.39,45.36
2023-09-01,2023,Search,Brand_Awareness_USA,Boutique Hotel Lisbon,195,22,0.0,0.0,4.55,1.0,11.28,21.21,62.28
2023-09-01,2023,Search,Sales_ESP,Marca_Nova_ESP,143,43,1.0,1.0,44.19,157.8,30.07,57.43,16.27
2023-09-01,2023,Demand Gen,Brand_Discovery_DE_NL_CH_BE,Last Minute DE,9593,703,0.0,0.0,0.35,1.0,7.33,,66.91
2023-09-01,2023,Demand Gen,Brand_Discovery_USA,Lisbon Vacations,10006,202,0.0,0.0,0.44,1.0,2.02,,124.5
2023-09-01,2023,Search,Sales_PT,Marca Liberdade PT,837,215,14.0,1.0,37.67,12.42,25.69,46.37,43.31
2023-09-01,2023,Demand Gen,Brand_Discovery_UK,Planning_Trip_Lisbon_UK,9091,265,0.0,0.0,0.0,0.0,2.91,,81.21
2023-09-01,2023,Search,Restaurant_ENG,Restaurants near me,7174,384,0.0,0.0,22.92,1.0,5.35,14.45,115.03
2023-09-01,2023,Demand Gen,Remarketing_ENG,Remarketing ENG,719,27,0.0,0.0,1.61,1.0,3.76,,8.61
2023-09-01,2023,Search,Brand_Awareness_BR,Hotel Lisboa,1917,172,0.0,0.0,1.16,1.0,8.97,23.99,106.62
2023-09-01,2023,Search,Brand_Awareness_BR,Hotel Avenida Liberdade,159,14,0.0,0.0,0.0,0.0,8.81,34.06,8.46
2023-09-01,2023,Search,Brand_Awareness_BR,Hotel Lisboa Centro,317,27,0.0,0.0,0.0,0.0,8.52,31.57,16.84
2023-10-01,2023,Search,Sales_UK_IE,Marca Liberdade UK,386,135,0.0,0.0,16.3,1.0,34.97,69.19,118.69
2023-10-01,2023,Search,Sales_USA_CA,Marca USA_CA,201,54,0.0,0.0,59.26,1.0,26.87,66.89,144.04
2023-10-01,2023,Search,Sales_FR_BE_CH,Marca_Nova_FR,245,68,0.0,0.0,20.59,1.0,27.76,54.59,60.32
2023-10-01,2023,Search,Brand_CityBreak_Europe,City Break Lisbon,742,91,0.0,0.0,0.0,0.0,12.26,17.56,97.75
2023-10-01,2023,Search,Brand_CityBreak_Europe,Lisbon Weekend Break,777,76,0.0,0.0,2.63,1.0,9.78,17.46,82.94
2023-10-01,2023,Search,Brand_Awareness_FR,Hotel Charme,751,165,0.0,0.0,0.0,0.0,21.97,45.8,134.81
2023-10-01,2023,Search,Brand_Awareness_FR,Hotel Spa Lisbonne,553,129,0.0,0.0,2.33,1.0,23.33,60.27,106.79
2023-10-01,2023,Search,Brand_Awareness_USA,Boutique Hotel Lisbon,515,65,0.0,0.0,1.54,1.0,12.62,27.36,152.54
2023-10-01,2023,Search,Sales_ESP,Marca_Nova_ESP,243,74,1.0,1.0,27.03,1.0,30.45,66.03,33.68
2023-10-01,2023,Demand Gen,Brand_Discovery_DE_NL_CH_BE,Last Minute DE,16951,994,0.0,0.0,0.93,1.0,5.86,,115.41
2023-10-01,2023,Demand Gen,Brand_Discovery_USA,Lisbon Vacations,14775,214,0.0,0.0,0.05,1.0,1.45,,104.07
2023-10-01,2023,Search,Sales_PT,Marca Liberdade PT,1015,293,25.0,1.0,40.96,1.0,28.87,45.15,58.27
2023-10-01,2023,Demand Gen,Brand_Discovery_UK,Planning_Trip_Lisbon_UK,13733,439,0.0,0.0,0.25,1.0,3.2,,122.7
2023-10-01,2023,Search,Restaurant_ENG,Restaurants near me,13304,652,0.0,0.0,30.06,1.0,4.9,15.06,203.58
2023-10-01,2023,Search,Brand_Awareness_BR,Hotel Lisboa,2090,193,0.0,0.0,1.55,1.0,9.23,19.42,103.5
2023-10-01,2023,Search,Brand_Awareness_BR,Hotel Avenida Liberdade,172,17,0.0,0.0,0.0,0.0,9.88,28.36,8.06
2023-10-01,2023,Search,Brand_Awareness_BR,Hotel Lisboa Centro,406,62,0.0,0.0,0.0,0.0,15.27,32.97,32.81
2023-10-01,2023,Demand Gen,DemandGen_USA,Lisbon Vacation,26,1,0.0,0.0,0.0,0.0,3.85,,0.22
2023-11-01,2023,Search,Sales_UK_IE,Marca Liberdade UK,114,38,0.0,0.0,23.68,1.0,33.33,71.7,61.66
2023-11-01,2023,Search,Sales_USA_CA,Marca USA_CA,20,4,0.0,0.0,50.0,1.0,20.0,90.91,8.78
2023-11-01,2023,Search,Sales_FR_BE_CH,Marca_Nova_FR,62,16,0.0,0.0,37.5,1.0,25.81,52.99,24.01
2023-11-01,2023,Search,Restaurant_PT,Restaurante sem gluten,10,0,0.0,0.0,0.0,0.0,0.0,33.33,0.0
2023-11-01,2023,Search,Restaurant_PT,Jantar Fim Ano,12,1,0.0,0.0,0.0,0.0,8.33,36.67,0.37
2023-11-01,2023,Search,Restaurant_PT,Brunch Ano Novo,1,0,0.0,0.0,0.0,0.0,0.0,50.0,0.0
2023-11-01,2023,Search,Restaurant_PT,Restaurante Grupos,505,38,0.0,0.0,0.0,0.0,7.52,54.7,29.26
2023-11-01,2023,Search,Restaurant_PT,Almoço Natal,3,1,0.0,0.0,0.0,0.0,33.33,50.0,0.37
2023-11-01,2023,Search,Brand_Awareness_PT,Hotel em Lisboa,16,1,0.0,0.0,0.0,0.0,6.25,5.0,1.04
2023-11-01,2023,Search,Brand_Awareness_USA,Boutique Hotel Lisbon,139,12,0.0,0.0,0.0,0.0,8.63,31.55,28.51
2023-11-01,2023,Search,Sales_ESP,Marca_Nova_ESP,83,36,3.0,1.0,33.33,1.0,43.37,61.03,13.58
2023-11-01,2023,Demand Gen,Brand_Discovery_DE_NL_CH_BE,Last Minute DE,14897,324,0.0,0.0,0.42,1.0,2.17,,46.14
2023-11-01,2023,Search,Sales_PT,Marca Liberdade PT,365,101,3.0,1.0,40.59,1.0,27.67,50.98,16.81
2023-11-01,2023,Demand Gen,Brand_Discovery_UK,Planning_Trip_Lisbon_UK,23262,563,0.0,0.0,1.22,1.0,2.42,,58.18
2023-11-01,2023,Search,Restaurant_ENG,Restaurants near me,5954,171,0.0,0.0,22.22,1.0,2.87,15.29,81.14
2023-11-01,2023,Demand Gen,DemandGen_USA,Lisbon Vacation,11251,226,0.0,0.0,0.0,0.0,2.01,,55.81
2023-12-01,2023,Search,Sales_UK_IE,Marca Liberdade UK,226,58,0.0,0.0,17.24,1.0,25.66,71.79,111.04
2023-12-01,2023,Search,Sales_USA_CA,Marca USA_CA,130,45,0.0,0.0,8.89,1.0,34.62,63.41,143.64
2023-12-01,2023,Search,Sales_FR_BE_CH,Marca_Nova_FR,257,82,0.0,0.0,40.24,1.0,31.91,65.38,60.43
2023-12-01,2023,Search,Brand_CityBreak_Europe,City Break Lisbon,67,7,0.0,0.0,0.0,0.0,10.45,15.96,8.88
2023-12-01,2023,Search,Brand_CityBreak_Europe,Lisbon Weekend Break,269,30,0.0,0.0,3.33,1.0,11.15,15.68,46.36
2023-12-01,2023,Search,Restaurant_PT,Restaurante sem gluten,52,4,0.0,0.0,25.0,1.0,7.69,5.0,1.4
2023-12-01,2023,Search,Restaurant_PT,Jantar Fim Ano,4765,514,0.0,0.0,0.19,1.0,10.79,23.9,115.16
2023-12-01,2023,Search,Restaurant_PT,Brunch Ano Novo,417,29,0.0,0.0,0.0,0.0,6.95,34.99,5.49
2023-12-01,2023,Search,Restaurant_PT,Restaurante Grupos,272,22,0.0,0.0,0.0,0.0,8.09,18.4,9.11
2023-12-01,2023,Search,Restaurant_PT,Almoço Natal,238,20,0.0,0.0,0.0,0.0,8.4,45.11,8.82
2023-12-01,2023,Search,Restaurant_PT,Jantar Natal Consoada,264,35,0.0,0.0,2.86,1.0,13.26,43.1,12.32
2023-12-01,2023,Search,Brand_Awareness_FR,Hotel Charme,127,27,0.0,0.0,0.0,0.0,21.26,35.47,29.25
2023-12-01,2023,Search,Brand_Awareness_FR,Hotel Spa Lisbonne,152,39,0.0,0.0,0.0,0.0,25.66,54.68,41.72
2023-12-01,2023,Search,Brand_Awareness_PT,Hotel em Lisboa,407,20,0.0,0.0,0.0,0.0,4.91,13.48,25.19
2023-12-01,2023,Search,Brand_Awareness_PT,Boutique Hotel Lisboa,189,41,0.0,0.0,4.88,1.0,21.69,60.82,39.3
2023-12-01,2023,Search,Brand_Awareness_PT,Hotel Avenida da Liberdade,452,44,0.0,0.0,4.55,1.0,9.73,70.68,38.6
2023-12-01,2023,Search,Brand_Awareness_PT,Hotel Lisboa Centro,356,40,0.0,0.0,2.5,1.0,11.24,49.28,46.6
2023-12-01,2023,Search,Brand_Awareness_USA,Boutique Hotel Lisbon,434,51,0.0,0.0,17.65,1.0,11.75,34.22,154.1
2023-12-01,2023,Search,Sales_ESP,Marca_Nova_ESP,194,67,0.0,0.0,13.43,1.0,34.54,71.06,11.88
2023-12-01,2023,Demand Gen,Brand_Discovery_DE_NL_CH_BE,Last Minute DE,24993,667,0.0,0.0,1.82,1.0,2.67,,110.34
2023-12-01,2023,Search,Sales_PT,Marca Liberdade PT,1093,384,34.0,1.0,46.88,1.0,35.13,57.34,85.86
2023-12-01,2023,Demand Gen,Brand_Discovery_UK,Planning_Trip_Lisbon_UK,22999,502,0.0,0.0,0.0,0.0,2.18,,17.75
2023-12-01,2023,Search,Restaurant_ENG,Restaurants near me,1976,43,0.0,0.0,30.23,1.0,2.18,22.23,19.37
2024-01-01,2024,Search,Sales_UK_IE,Marca Liberdade UK,635,188,0.0,0.0,14.89,1.0,29.61,56.33,121.21
2024-01-01,2024,Search,Sales_USA_CA,Marca USA_CA,562,136,0.0,0.0,13.24,1.0,24.2,53.79,146.06
2024-01-01,2024,Search,Sales_FR_BE_CH,Marca_Nova_FR,619,212,0.0,0.0,22.64,1.0,34.25,61.97,120.6
2024-01-01,2024,Search,Brand_CityBreak_Europe,City Break Lisbon,578,58,0.0,0.0,0.0,0.0,10.03,5.0,51.99
2024-01-01,2024,Search,Brand_CityBreak_Europe,Lisbon Weekend Break,687,68,0.0,0.0,0.0,0.0,9.9,5.0,74.13
2024-01-01,2024,Search,Brand_Awareness_FR,Hotel Charme,763,127,0.0,0.0,2.36,1.0,16.64,40.19,82.44
2024-01-01,2024,Search,Brand_Awareness_FR,Hotel Spa Lisbonne,550,96,0.0,0.0,1.04,1.0,17.45,49.01,64.98
2024-01-01,2024,Search,Brand_Awareness_USA,Boutique Hotel Lisbon,527,58,0.0,0.0,6.9,1.0,11.01,18.01,72.98
2024-01-01,2024,Search,Brand_Awareness_USA,Hotels in Lisbon,1886,126,0.0,0.0,6.35,1.0,6.68,5.0,166.3
2024-01-01,2024,Demand Gen,Brand_Discovery_FR,Offre de Dernière Minute,53550,2675,0.0,0.0,1.3,1.0,5.0,,120.78
2024-01-01,2024,Search,Sales_ESP,Marca_Nova_ESP,12,4,0.0,0.0,25.0,1.0,33.33,80.0,1.07
2024-01-01,2024,Demand Gen,Brand_Discovery_DE_NL_CH_BE,Last Minute DE,84252,3172,0.0,0.0,0.94,1.0,3.76,,126.11
2024-01-01,2024,Demand Gen,Brand_Discovery_USA,Lisbon Vacations,80443,1705,0.0,0.0,0.0,0.0,2.12,,166.41
2024-01-01,2024,Search,Sales_PT,Marca Liberdade PT,48,12,0.0,0.0,25.0,1.0,25.0,53.33,1.68
2024-01-01,2024,Demand Gen,Brand_Discovery_UK,Planning_Trip_Lisbon_UK,49297,1750,0.0,0.0,0.17,1.0,3.55,,120.33
2024-02-01,2024,Search,Sales_UK_IE,Marca Liberdade UK,719,195,1.0,,14.36,37.13,27.12,57.42,121.85
2024-02-01,2024,Search,Sales_USA_CA,Marca USA_CA,255,57,1.0,840.0,5.26,280.67,22.35,49.9,84.95
2024-02-01,2024,Search,Sales_FR_BE_CH,Marca_Nova_FR,541,173,1.41,503.34,9.49,44.25,31.98,66.29,121.06
2024-02-01,2024,Search,Brand_CityBreak_Europe,City Break Lisbon,379,25,0.0,0.0,0.0,0.0,6.6,14.06,23.81
2024-02-01,2024,Search,Brand_CityBreak_Europe,Lisbon Weekend Break,514,53,0.0,0.0,0.0,0.0,10.31,5.0,53.16
2024-02-01,2024,Search,Seasonal_Valentines_PT,Hotel Dia Namorados,541,98,0.0,0.0,0.0,0.0,18.11,59.69,32.36
2024-02-01,2024,Search,Seasonal_Valentines_PT,Programa Dia dos Namorados,119,11,0.0,0.0,0.0,0.0,9.24,34.01,5.1
2024-02-01,2024,Search,Brand_Awareness_FR,Hotel Charme,369,69,0.0,0.0,0.0,0.0,18.7,35.72,44.01
2024-02-01,2024,Search,Brand_Awareness_FR,Hotel Spa Lisbonne,242,53,0.0,0.0,1.89,1.0,21.9,47.44,41.81
2024-02-01,2024,Search,Brand_MICE_PT,Espaços Eventos Lisboa,917,113,0.0,0.0,0.0,0.0,12.32,33.99,37.37
2024-02-01,2024,Search,Brand_MICE_PT,Auditorios LX,137,11,0.0,0.0,0.0,0.0,8.03,60.48,2.87
2024-02-01,2024,Search,Brand_MICE_PT,Espaços para Eventos,352,34,0.0,0.0,0.0,0.0,9.66,18.21,10.58
2024-02-01,2024,Search,Brand_Awareness_USA,Boutique Hotel Lisbon,135,22,0.0,0.0,0.0,0.0,16.3,21.34,32.84
2024-02-01,2024,Search,Brand_Awareness_USA,Hotels in Lisbon,925,71,0.0,0.0,53.52,1.0,7.68,11.03,101.53
2024-02-01,2024,Demand Gen,Brand_Discovery_FR,Offre de Dernière Minute,17307,1060,0.0,0.0,0.0,0.0,6.12,,35.99
2024-02-01,2024,Demand Gen,Brand_Discovery_DE_NL_CH_BE,Last Minute DE,81472,2560,0.0,0.0,0.63,1.0,3.14,,88.63
2024-02-01,2024,Demand Gen,Brand_Discovery_UK,Planning_Trip_Lisbon_UK,57723,1685,0.0,0.0,0.65,1.0,2.92,,87.26
2024-03-01,2024,Search,Sales_UK_IE,Marca Liberdade UK,612,152,1.0,483.75,0.66,483.75,24.84,57.58,120.49
2024-03-01,2024,Search,Sales_USA_CA,Marca USA_CA,500,128,0.0,0.0,0.0,0.0,25.6,61.43,147.26
2024-03-01,2024,Search,Sales_FR_BE_CH,Marca_Nova_FR,476,153,2.0,,1.31,,32.14,68.35,121.59
2024-03-01,2024,Search,Brand_CityBreak_Europe,City Break Lisbon,490,36,0.0,0.0,0.0,0.0,7.35,10.86,36.7
2024-03-01,2024,Search,Brand_CityBreak_Europe,Lisbon Weekend Break,374,53,0.0,0.0,0.0,0.0,14.17,5.0,56.71
2024-03-01,2024,Search,Brand_Awareness_FR,Hotel Charme,635,114,0.0,0.0,0.0,0.0,17.95,40.58,73.3
2024-03-01,2024,Search,Brand_Awareness_FR,Hotel Spa Lisbonne,318,57,0.0,0.0,0.0,0.0,17.92,52.65,38.06
2024-03-01,2024,Search,Brand_MICE_PT,Espaços Eventos Lisboa,1112,156,0.0,0.0,0.0,0.0,14.03,54.02,61.61
2024-03-01,2024,Search,Brand_MICE_PT,Auditorios LX,265,31,0.0,0.0,0.0,0.0,11.7,61.11,13.45
2024-03-01,2024,Search,Brand_MICE_PT,Espaços para Eventos,146,8,0.0,0.0,0.0,0.0,5.48,23.4,2.54
2024-03-01,2024,Search,Brand_Awareness_USA,Boutique Hotel Lisbon,148,23,0.0,0.0,0.0,0.0,15.54,23.41,24.25
2024-03-01,2024,Search,Brand_Awareness_USA,Hotels in Lisbon,834,78,0.0,0.0,0.0,0.0,9.35,5.0,92.25
2024-03-01,2024,Demand Gen,Brand_Discovery_FR,Offre de Dernière Minute,38847,3400,0.0,0.0,0.0,0.0,8.75,,65.5
2024-03-01,2024,Search,Sales_ESP,Marca_Nova_ESP,156,38,2.0,1.0,5.26,1.0,24.36,68.72,12.72
2024-03-01,2024,Demand Gen,Brand_Discovery_DE_NL_CH_BE,Last Minute DE,57219,1216,0.0,0.0,0.0,0.0,2.13,,51.31
2024-03-01,2024,Demand Gen,Brand_Discovery_USA,Lisbon Vacations,16119,534,0.0,0.0,0.0,0.0,3.31,,60.0
2024-03-01,2024,Demand Gen,Brand_Discovery_UK,Planning_Trip_Lisbon_UK,24984,722,0.0,0.0,0.0,0.0,2.89,,51.29
2024-03-01,2024,Search,Brand_Sustainability_Europe,Liberdade Hotel,7,2,0.0,0.0,0.0,0.0,28.57,100.0,3.03
2024-03-01,2024,Search,Brand_Sustainability_Europe,Hotel in Lisbon,204,27,0.0,0.0,0.0,0.0,13.24,37.99,51.44
2024-03-01,2024,Search,Brand_Sustainability_Europe,Hotels Central Lisbon,35,2,0.0,0.0,0.0,0.0,5.71,36.46,4.04
2024-03-01,2024,Search,Brand_Sustainability_Europe,Boutique Hotels Lisbon,40,10,0.0,0.0,0.0,0.0,25.0,48.19,18.99
2024-04-01,2024,Search,Sales_UK_IE,Marca Liberdade UK,533,160,3.18,247.13,11.36,44.01,30.02,63.26,123.49
2024-04-01,2024,Search,Sales_USA_CA,Marca USA_CA,483,139,3.0,,10.79,227.95,28.78,57.89,142.0
2024-04-01,2024,Search,Sales_FR_BE_CH,Marca_Nova_FR,270,102,1.0,388.0,13.73,28.64,37.78,53.68,121.28
2024-04-01,2024,Search,Brand_CityBreak_Europe,City Break Lisbon,306,25,0.0,0.0,0.0,0.0,8.17,5.0,27.29
2024-04-01,2024,Search,Brand_CityBreak_Europe,Lisbon Weekend Break,289,35,0.0,0.0,0.0,0.0,12.11,13.14,36.83
2024-04-01,2024,Search,Brand_Awareness_FR,Hotel Charme,649,104,0.0,0.0,0.96,1.0,16.02,38.35,83.94
2024-04-01,2024,Search,Brand_Awareness_FR,Hotel Spa Lisbonne,217,38,0.0,0.0,2.63,1.0,17.51,53.6,33.27
2024-04-01,2024,Search,Brand_MICE_PT,Espaços Eventos Lisboa,1171,182,0.0,0.0,0.0,0.0,15.54,55.46,79.63
2024-04-01,2024,Search,Brand_MICE_PT,Auditorios LX,213,17,0.0,0.0,0.0,0.0,7.98,70.65,7.37
2024-04-01,2024,Search,Brand_Awareness_USA,Boutique Hotel Lisbon,335,57,0.0,0.0,1.75,1.0,17.01,31.86,144.99
2024-04-01,2024,Demand Gen,Brand_Discovery_FR,Offre de Dernière Minute,73106,3579,0.0,0.0,0.0,0.0,4.9,,152.57
2024-04-01,2024,Demand Gen,Brand_Discovery_DE_NL_CH_BE,Last Minute DE,108071,2524,0.0,0.0,0.0,0.0,2.34,,121.59
2024-04-01,2024,Demand Gen,Brand_Discovery_USA,Lisbon Vacations,47474,1136,0.0,0.0,0.0,0.0,2.39,,111.11
2024-04-01,2024,Demand Gen,Brand_Discovery_UK,Planning_Trip_Lisbon_UK,72530,1983,0.0,0.0,0.0,0.0,2.73,,149.37
2024-04-01,2024,Search,Brand_Sustainability_Europe,Liberdade Hotel,9,0,0.0,0.0,0.0,0.0,0.0,90.0,0.0
2024-04-01,2024,Search,Brand_Sustainability_Europe,Hotel in Lisbon,472,59,0.0,0.0,1.69,1.0,12.5,39.83,110.54
2024-04-01,2024,Search,Brand_Sustainability_Europe,Hotels Central Lisbon,50,4,0.0,0.0,0.0,0.0,8.0,28.9,8.01
2024-04-01,2024,Search,Brand_Sustainability_Europe,Boutique Hotels Lisbon,98,19,0.0,0.0,0.0,0.0,19.39,59.88,37.41
2024-04-01,2024,Demand Gen,DemandGen_Scandinavia,BAD_Interesses_Escandinavia,69565,1290,0.0,0.0,0.0,0.0,1.85,,70.1
2024-05-01,2024,Search,Sales_UK_IE,Marca Liberdade UK,524,148,3.42,769.3,50.28,36.3,28.24,63.41,155.91
2024-05-01,2024,Search,Sales_USA_CA,Marca USA_CA,426,95,2.0,,30.53,83.9,22.3,63.43,199.72
2024-05-01,2024,Search,Sales_FR_BE_CH,Marca_Nova_FR,293,78,0.0,0.0,43.59,1.0,26.62,69.46,92.77
2024-05-01,2024,Search,Brand_CityBreak_Europe,City Break Lisbon,664,62,0.0,0.0,0.0,0.0,9.34,11.64,96.63
2024-05-01,2024,Search,Brand_CityBreak_Europe,Lisbon Weekend Break,130,12,0.0,0.0,0.0,0.0,9.23,16.04,15.8
2024-05-01,2024,Search,Brand_Awareness_FR,Hotel Charme,303,50,0.0,0.0,2.0,1.0,16.5,36.56,43.71
2024-05-01,2024,Search,Brand_Awareness_FR,Hotel Spa Lisbonne,121,19,0.0,0.0,5.26,1.0,15.7,51.27,16.97
2024-05-01,2024,Search,Brand_MICE_PT,Espaços Eventos Lisboa,1078,148,0.0,0.0,0.0,0.0,13.73,51.12,72.73
2024-05-01,2024,Search,Brand_MICE_PT,Auditorios LX,212,37,0.0,0.0,0.0,0.0,17.45,57.87,17.02
2024-05-01,2024,Search,Brand_Awareness_USA,Boutique Hotel Lisbon,481,86,0.0,0.0,1.16,1.0,17.88,35.38,187.38
2024-05-01,2024,Demand Gen,Brand_Discovery_FR,Offre de Dernière Minute,39254,1430,0.0,0.0,0.0,0.0,3.64,,71.94
2024-05-01,2024,Demand Gen,Brand_Discovery_ESP,Discovery_Interesses_ESP,22072,1485,0.0,0.0,0.0,0.0,6.73,,70.35
2024-05-01,2024,Demand Gen,Brand_Discovery_ESP,DeamdGen_ESP_Lookalike_Opti,19217,407,0.0,0.0,0.0,0.0,2.12,,32.91
2024-05-01,2024,Search,Sales_ESP,Marca_Nova_ESP,200,45,1.67,224.66,5.94,141.04,22.5,59.64,26.74
2024-05-01,2024,Demand Gen,Brand_Discovery_DE_NL_CH_BE,Last Minute DE,59313,1359,0.0,0.0,0.0,0.0,2.29,,72.33
2024-05-01,2024,Search,Brand_Awareness_ESP,Hotel con encanto,130,25,0.0,0.0,0.0,0.0,19.23,38.24,18.58
2024-05-01,2024,Search,Brand_Awareness_ESP,Escapadas Lisboa,230,61,0.0,0.0,1.64,1.0,26.52,55.85,46.52
2024-05-01,2024,Demand Gen,Brand_Discovery_USA,Lisbon Vacations,54435,1182,0.0,0.0,0.0,0.0,2.17,,120.28
2024-05-01,2024,Demand Gen,Brand_Discovery_UK,Planning_Trip_Lisbon_UK,38109,1043,0.0,0.0,0.0,0.0,2.74,,79.61
2024-05-01,2024,Search,Brand_Sustainability_Europe,Liberdade Hotel,15,3,0.0,0.0,0.0,0.0,20.0,83.33,6.86
2024-05-01,2024,Search,Brand_Sustainability_Europe,Hotel in Lisbon,568,67,0.0,0.0,0.0,0.0,11.8,45.56,166.24
2024-05-01,2024,Search,Brand_Sustainability_Europe,Hotels Central Lisbon,33,5,0.0,0.0,0.0,0.0,15.15,32.35,12.66
2024-05-01,2024,Search,Brand_Sustainability_Europe,Boutique Hotels Lisbon,71,13,0.0,0.0,0.0,0.0,18.31,61.74,29.29
2024-05-01,2024,Demand Gen,DemandGen_Scandinavia,BAD_Interesses_Escandinavia,44350,898,0.0,0.0,0.0,0.0,2.02,,74.51
2024-06-01,2024,Search,Sales_UK_IE,Marca Liberdade UK,394,113,1.0,372.0,89.38,4.67,28.68,55.81,143.62
2024-06-01,2024,Search,Sales_USA_CA,Marca USA_CA,359,93,2.49,,49.99,91.43,25.91,63.36,258.01
2024-06-01,2024,Search,Sales_FR_BE_CH,Marca_Nova_FR,107,46,0.0,0.0,13.04,1.0,42.99,55.73,33.18
2024-06-01,2024,Search,Brand_CityBreak_Europe,City Break Lisbon,141,12,0.0,0.0,8.33,1.0,8.51,12.23,16.23
2024-06-01,2024,Search,Brand_CityBreak_Europe,Lisbon Weekend Break,56,11,0.0,0.0,9.09,1.0,19.64,19.54,13.77
2024-06-01,2024,Search,Brand_MICE_PT,Espaços Eventos Lisboa,176,27,0.0,0.0,0.0,0.0,15.34,55.14,15.37
2024-06-01,2024,Search,Brand_MICE_PT,Auditorios LX,61,7,0.0,0.0,0.0,0.0,11.48,72.5,3.85
2024-06-01,2024,Search,Brand_Awareness_USA,Boutique Hotel Lisbon,400,57,0.0,0.0,7.02,1.0,14.25,36.93,115.76
2024-06-01,2024,Demand Gen,Brand_Discovery_ESP,Discovery_Interesses_ESP,11109,671,0.0,0.0,0.0,0.0,6.04,,48.28
2024-06-01,2024,Demand Gen,Brand_Discovery_ESP,DeamdGen_ESP_Lookalike_Opti,3738,88,0.0,0.0,0.0,0.0,2.35,,7.04
2024-06-01,2024,Search,Sales_ESP,Marca_Nova_ESP,206,72,1.0,720.0,2.78,360.5,34.95,39.77,88.42
2024-06-01,2024,Demand Gen,Brand_Discovery_DE_NL_CH_BE,Last Minute DE,8201,243,0.0,0.0,0.0,0.0,2.96,,15.58
2024-06-01,2024,Search,Brand_Awareness_ESP,Hotel con encanto,240,46,0.0,0.0,0.0,0.0,19.17,25.91,29.83
2024-06-01,2024,Search,Brand_Awareness_ESP,Escapadas Lisboa,1054,187,0.0,0.0,1.6,1.0,17.74,40.32,121.35
2024-06-01,2024,Demand Gen,Brand_Discovery_USA,Lisbon Vacations,9011,203,0.0,0.0,0.0,0.0,2.25,,24.92
2024-06-01,2024,Demand Gen,Brand_Discovery_UK,Planning_Trip_Lisbon_UK,7785,222,0.0,0.0,0.0,0.0,2.85,,24.66
2024-06-01,2024,Search,Brand_Sustainability_Europe,Liberdade Hotel,3,0,0.0,0.0,0.0,0.0,0.0,75.0,0.0
2024-06-01,2024,Search,Brand_Sustainability_Europe,Hotel in Lisbon,303,51,0.0,0.0,0.0,0.0,16.83,38.04,154.84
2024-06-01,2024,Search,Brand_Sustainability_Europe,Hotels Central Lisbon,22,4,0.0,0.0,0.0,0.0,18.18,37.93,13.22
2024-06-01,2024,Search,Brand_Sustainability_Europe,Boutique Hotels Lisbon,32,8,0.0,0.0,0.0,0.0,25.0,62.75,18.78
2024-07-01,2024,Search,Sales_UK_IE,Marca Liberdade UK,369,91,0.0,0.0,14.29,1.0,24.66,59.03,79.29
2024-07-01,2024,Search,Sales_USA_CA,Marca USA_CA,530,140,4.28,466.94,11.63,123.58,26.42,67.98,289.61
2024-07-01,2024,Search,Sales_FR_BE_CH,Marca_Nova_FR,47,9,0.0,0.0,0.0,0.0,19.15,50.0,3.91
2024-07-01,2024,Search,Brand_Awareness_USA,Boutique Hotel Lisbon,373,56,0.0,0.0,0.0,0.0,15.01,31.18,122.19
2024-07-01,2024,Search,Sales_ESP,Marca_Nova_ESP,298,95,1.0,818.6,3.16,273.53,31.88,71.98,52.77
2024-07-01,2024,Search,Brand_Awareness_ESP,Hotel con encanto,263,36,1.0,452.4,2.78,452.4,13.69,24.06,20.04
2024-07-01,2024,Search,Brand_Awareness_ESP,Escapadas Lisboa,689,123,0.0,0.0,0.81,1.0,17.85,38.3,68.46
2024-08-01,2024,Search,Sales_UK_IE,Marca Liberdade UK,444,155,2.0,,1.29,,34.91,69.67,425.52
2024-08-01,2024,Search,Brand_Awareness_USA,Boutique Hotel Lisbon,406,66,0.0,0.0,0.0,0.0,16.26,35.84,121.33
2024-09-01,2024,Search,Sales_UK_IE,Marca Liberdade UK,556,193,2.0,,1.04,,34.71,79.42,419.86
2024-10-01,2024,Search,Sales_UK_IE,Marca Liberdade UK,448,162,3.3,437.98,2.04,437.98,36.16,76.45,425.6
2024-11-01,2024,Search,Sales_UK_IE,Marca Liberdade UK,428,145,3.0,645.54,2.07,645.54,33.88,79.07,427.14
2024-12-01,2024,Search,Sales_UK_IE,Marca Liberdade UK,181,54,0.0,0.0,0.0,0.0,29.83,78.02,257.98
2025-01-01,2025,Search,Sales_UK_IE,Marca Liberdade UK,121,35,0.0,0.0,0.0,0.0,28.93,52.84,51.97
2025-01-01,2025,Search,Sales_USA_CA,Marca USA_CA,117,30,1.0,526.05,3.33,526.05,25.64,30.08,110.97
2025-01-01,2025,Search,Sales_FR_BE_CH,Marca_Nova_FR,68,15,0.0,0.0,0.0,0.0,22.06,53.97,11.77
2025-01-01,2025,Search,Brand_CityBreak_Europe,City Break Lisbon,2074,113,0.0,0.0,0.0,0.0,5.45,37.81,170.9
2025-01-01,2025,Search,Brand_CityBreak_Europe,Lisbon Weekend Break,338,16,0.0,0.0,0.0,0.0,4.73,37.14,24.15
2025-01-01,2025,Search,Brand_Awareness_FR,Hotel Charme,509,88,0.0,0.0,0.0,0.0,17.29,75.44,90.49
2025-01-01,2025,Search,Brand_Awareness_FR,Hotel Spa Lisbonne,351,57,0.0,0.0,0.0,0.0,16.24,85.5,58.14
2025-01-01,2025,Search,Brand_Awareness_USA,Boutique Hotel Lisbon,267,35,0.0,0.0,0.0,0.0,13.11,55.56,78.3
2025-01-01,2025,Demand Gen,Brand_Discovery_FR,Offre de Dernière Minute,3278,137,0.0,0.0,0.0,0.0,4.18,,87.76
2025-01-01,2025,Search,Sales_ESP,Marca_Nova_ESP,56,18,2.0,380.08,11.11,380.08,32.14,53.85,7.32
2025-01-01,2025,Demand Gen,Brand_Discovery_USA,Lisbon Vacations,44622,933,0.0,0.0,0.0,0.0,2.09,,88.24
2025-01-01,2025,Search,Sales_PT,Marca Liberdade PT,1210,200,9.0,103.68,4.5,103.68,16.53,66.96,26.5
2025-01-01,2025,Search,Brand_Sustainability_Europe,Liberdade Hotel,4,0,0.0,0.0,0.0,0.0,0.0,66.67,0.0
2025-01-01,2025,Search,Brand_Sustainability_Europe,Hotel in Lisbon,621,48,0.0,0.0,0.0,0.0,7.73,73.67,130.07
2025-01-01,2025,Search,Brand_Sustainability_Europe,Hotels Central Lisbon,40,7,0.0,0.0,0.0,0.0,17.5,54.05,16.18
2025-01-01,2025,Search,Brand_Sustainability_Europe,Boutique Hotels Lisbon,121,20,0.0,0.0,0.0,0.0,16.53,91.67,51.17
2025-01-01,2025,Search,Brand_Hotels_Europe,Liberdade Hotel,75,4,0.0,0.0,0.0,0.0,5.33,58.73,11.38
2025-01-01,2025,Search,Brand_Hotels_Europe,Hotels Central Lisbon,190,4,0.0,0.0,0.0,0.0,2.11,29.78,6.81
2025-01-01,2025,Search,Brand_Hotels_Europe,Hotel in Lisbon,1873,50,0.0,0.0,0.0,0.0,2.67,31.92,77.84
2025-01-01,2025,Search,Brand_Hotels_Europe,Boutique Hotels Lisbon,289,26,0.0,0.0,0.0,0.0,9.0,47.21,35.69
2025-02-01,2025,Search,Sales_UK_IE,Marca Liberdade UK,552,85,1.0,849.6,1.18,849.6,15.4,72.15,101.42
2025-02-01,2025,Search,Sales_USA_CA,Marca USA_CA,691,140,5.0,984.71,3.57,984.71,20.26,68.27,175.56
2025-02-01,2025,Search,Sales_FR_BE_CH,Marca_Nova_FR,416,103,5.0,528.65,4.85,528.65,24.76,70.32,118.74
2025-02-01,2025,Search,Brand_CityBreak_Europe,City Break Lisbon,2922,169,0.0,0.0,0.0,0.0,5.78,28.64,237.7
2025-02-01,2025,Search,Brand_CityBreak_Europe,Lisbon Weekend Break,330,21,0.0,0.0,0.0,0.0,6.36,26.81,31.82
2025-02-01,2025,Search,Brand_Awareness_FR,Hotel Charme,1032,148,0.0,0.0,0.0,0.0,14.34,62.73,142.27
2025-02-01,2025,Search,Brand_Awareness_FR,Hotel Spa Lisbonne,491,62,0.0,0.0,0.0,0.0,12.63,66.3,64.71
2025-02-01,2025,Search,Brand_Awareness_USA,Boutique Hotel Lisbon,710,96,0.0,0.0,0.0,0.0,13.52,63.88,227.14
2025-02-01,2025,Search,Sales_ESP,Marca_Nova_ESP,265,58,2.0,498.18,3.45,498.18,21.89,72.65,33.75
2025-02-01,2025,Search,Sales_PT,Marca Liberdade PT,2152,322,8.0,511.18,2.48,511.18,14.96,66.49,63.61
2025-02-01,2025,Search,Brand_Sustainability_Europe,Liberdade Hotel,7,1,0.0,0.0,0.0,0.0,14.29,77.78,1.35
2025-02-01,2025,Search,Brand_Sustainability_Europe,Hotel in Lisbon,582,41,1.0,312.38,2.44,312.38,7.04,50.22,105.52
2025-02-01,2025,Search,Brand_Sustainability_Europe,Hotels Central Lisbon,95,12,0.0,0.0,0.0,0.0,12.63,63.01,28.04
2025-02-01,2025,Search,Brand_Sustainability_Europe,Boutique Hotels Lisbon,115,19,0.0,0.0,0.0,0.0,16.52,63.53,43.64
2025-02-01,2025,Search,Brand_Hotels_Europe,Liberdade Hotel,68,10,0.0,0.0,0.0,0.0,14.71,70.83,32.06
2025-02-01,2025,Search,Brand_Hotels_Europe,Hotels Central Lisbon,161,7,0.0,0.0,0.0,0.0,4.35,23.61,17.49
2025-02-01,2025,Search,Brand_Hotels_Europe,Hotel in Lisbon,1233,33,0.0,0.0,0.0,0.0,2.68,20.97,94.5
2025-02-01,2025,Search,Brand_Hotels_Europe,Boutique Hotels Lisbon,319,15,0.0,0.0,0.0,0.0,4.7,43.88,32.26
2025-03-01,2025,Search,Sales_UK_IE,Marca Liberdade UK,500,126,0.0,0.0,3.97,1.0,25.2,74.91,255.45
2025-03-01,2025,Search,Sales_FR_BE_CH,Marca_Nova_FR,401,111,2.1,411.1,5.5,142.3,27.68,78.21,181.97
2025-03-01,2025,Search,Brand_CityBreak_Europe,City Break Lisbon,2366,129,0.0,0.0,0.0,0.0,5.45,20.32,202.16
2025-03-01,2025,Search,Brand_CityBreak_Europe,Lisbon Weekend Break,253,21,0.0,0.0,0.0,0.0,8.3,21.05,35.18
2025-03-01,2025,Search,Brand_Awareness_FR,Hotel Charme,925,131,0.0,0.0,0.0,0.0,14.16,60.87,134.08
2025-03-01,2025,Search,Brand_Awareness_FR,Hotel Spa Lisbonne,426,46,0.0,0.0,0.0,0.0,10.8,71.46,48.82
2025-03-01,2025,Search,Sales_PT,Marca Liberdade PT,1727,236,11.23,115.78,5.18,106.4,13.67,51.22,39.35
2025-03-01,2025,Search,Brand_Sustainability_Europe,Liberdade Hotel,5,1,0.0,0.0,0.0,0.0,20.0,71.43,2.75
2025-03-01,2025,Search,Brand_Sustainability_Europe,Hotel in Lisbon,637,62,0.0,0.0,0.0,0.0,9.73,43.19,158.5
2025-03-01,2025,Search,Brand_Sustainability_Europe,Hotels Central Lisbon,104,8,0.0,0.0,0.0,0.0,7.69,51.74,21.91
2025-03-01,2025,Search,Brand_Sustainability_Europe,Boutique Hotels Lisbon,159,16,0.0,0.0,0.0,0.0,10.06,72.22,42.55
2025-04-01,2025,Search,Sales_UK_IE,Marca Liberdade UK,678,129,0.12,404.6,76.06,1.51,19.03,81.11,271.3
2025-04-01,2025,Search,Sales_FR_BE_CH,Marca_Nova_FR,454,100,0.0,0.0,16.01,1.0,22.03,84.24,149.12
2025-04-01,2025,Search,Brand_CityBreak_Europe,City Break Lisbon,2041,158,0.0,0.0,0.0,0.0,7.74,15.01,210.95
2025-04-01,2025,Search,Brand_CityBreak_Europe,Lisbon Weekend Break,596,22,0.0,0.0,0.0,0.0,3.69,11.98,29.51
2025-04-01,2025,Search,Brand_Awareness_FR,Hotel Charme,1019,120,0.0,0.0,54.17,1.0,11.78,72.38,128.53
2025-04-01,2025,Search,Brand_Awareness_FR,Hotel Spa Lisbonne,485,51,0.0,0.0,0.0,0.0,10.52,79.5,55.81
2025-04-01,2025,Search,Brand_Awareness_USA,Boutique Hotel Lisbon,400,59,0.0,0.0,0.0,0.0,14.75,51.49,117.81
2025-04-01,2025,Search,Sales_PT,Marca Liberdade PT,2092,270,12.9,31.99,24.04,7.16,12.91,58.62,49.14
2025-04-01,2025,Search,Brand_Sustainability_Europe,Hotel in Lisbon,5,0,0.0,0.0,0.0,0.0,0.0,75.0,0.0
2025-04-01,2025,Search,Brand_Sustainability_Europe,Boutique Hotels Lisbon,1,1,0.0,0.0,0.0,0.0,100.0,100.0,1.48
2025-05-01,2025,Search,Sales_UK_IE,Marca Liberdade UK,688,120,4.0,135.86,22.5,20.98,17.44,73.43,236.27
2025-05-01,2025,Search,Sales_FR_BE_CH,Marca_Nova_FR,548,114,2.08,466.87,51.82,17.4,20.8,80.17,176.99
2025-05-01,2025,Search,Brand_Awareness_USA,Boutique Hotel Lisbon,982,103,0.0,0.0,23.3,1.0,10.49,57.82,228.22
2025-05-01,2025,Search,Sales_PT,Marca Liberdade PT,2681,332,14.46,100.18,27.55,16.68,12.38,56.4,62.37
2025-05-01,2025,Search,Brand_Sustainability_Europe,Liberdade Hotel,4,1,0.0,0.0,0.0,0.0,25.0,42.86,0.92
2025-05-01,2025,Search,Brand_Sustainability_Europe,Hotel in Lisbon,792,53,0.0,0.0,0.0,0.0,6.69,49.19,145.61
2025-05-01,2025,Search,Brand_Sustainability_Europe,Hotels Central Lisbon,36,3,0.0,0.0,0.0,0.0,8.33,64.71,6.0
2025-05-01,2025,Search,Brand_Sustainability_Europe,Boutique Hotels Lisbon,172,26,0.0,0.0,0.0,0.0,15.12,70.89,75.08
2025-06-01,2025,Search,Sales_UK_IE,Marca Liberdade UK,803,139,2.84,575.81,2.04,575.81,17.31,79.4,265.87
2025-06-01,2025,Search,Sales_FR_BE_CH,Marca_Nova_FR,483,104,3.0,678.44,2.88,678.44,21.53,83.57,159.8
2025-06-01,2025,Search,Sales_PT,Marca Liberdade PT,1698,198,12.16,114.29,6.14,114.29,11.66,45.08,28.08
2025-06-01,2025,Search,Brand_Sustainability_Europe,Liberdade Hotel,9,2,0.0,0.0,0.0,0.0,22.22,72.73,3.8
2025-06-01,2025,Search,Brand_Sustainability_Europe,Hotel in Lisbon,887,61,0.0,0.0,0.0,0.0,6.88,59.72,174.92
2025-06-01,2025,Search,Brand_Sustainability_Europe,Hotels Central Lisbon,70,7,0.0,0.0,0.0,0.0,10.0,62.38,19.29
2025-06-01,2025,Search,Brand_Sustainability_Europe,Boutique Hotels Lisbon,97,11,0.0,0.0,0.0,0.0,11.34,89.13,28.86
2025-06-01,2025,Search,Search_Brand_Hotel2,Marca,1000,146,0.09,148.75,0.06,148.75,14.6,82.72,93.92
2025-06-01,2025,Search,Search_Location_Hotel2,Hoteis em Santos,4801,246,0.0,0.0,0.0,0.0,5.12,5.0,95.47
2025-07-01,2025,Search,Sales_UK_IE,Marca Liberdade UK,742,127,2.09,423.4,1.64,423.4,17.12,79.55,223.37
2025-07-01,2025,Search,Sales_FR_BE_CH,Marca_Nova_FR,547,118,1.0,548.25,0.85,548.25,21.57,86.7,202.53
2025-07-01,2025,Search,Sales_PT,Marca Liberdade PT,2355,304,22.26,264.84,7.32,264.84,12.91,49.33,56.16
2025-07-01,2025,Search,Search_Brand_Hotel2,Marca,1477,251,1.0,135.15,0.4,135.15,16.99,83.74,152.9
2025-07-01,2025,Search,Search_Location_Hotel2,Hoteis em Santos,12944,453,1.0,169.58,0.22,169.58,3.5,5.0,151.95
2025-08-01,2025,Search,Sales_UK_IE,Marca Liberdade UK,876,149,0.0,0.0,0.0,0.0,17.01,82.19,269.14
2025-08-01,2025,Search,Sales_FR_BE_CH,Marca_Nova_FR,557,123,0.0,0.0,0.0,0.0,22.08,85.71,156.74
2025-08-01,2025,Search,Sales_PT,Marca Liberdade PT,2196,233,5.0,114.5,2.15,114.5,10.61,51.28,36.84
2025-08-01,2025,Search,Search_Brand_Hotel2,Marca,1460,239,0.0,0.0,0.0,0.0,16.37,82.41,152.36
2025-08-01,2025,Search,Search_Location_Hotel2,Hoteis em Santos,14664,493,0.0,0.0,0.0,0.0,3.36,5.0,152.08
2025-09-01,2025,Search,Sales_UK_IE,Marca Liberdade UK,736,137,2.92,436.46,2.13,436.46,18.61,80.17,258.59
2025-09-01,2025,Search,Sales_FR_BE_CH,Marca_Nova_FR,516,112,0.0,0.0,0.0,0.0,21.71,77.06,167.85
2025-09-01,2025,Search,Sales_PT,Marca Liberdade PT,2291,239,10.9,145.8,4.56,145.8,10.43,51.38,34.9
2025-09-01,2025,Search,Search_Brand_Hotel2,Marca,2015,340,0.0,0.0,0.0,0.0,16.87,78.8,151.68
2025-09-01,2025,Search,Search_Location_Hotel2,Hoteis em Santos,12500,485,0.0,0.0,0.0,0.0,3.88,5.0,151.93
2025-10-01,2025,Search,Sales_UK_IE,Marca Liberdade UK,326,62,0.0,0.0,0.0,0.0,19.02,58.07,110.84
2025-10-01,2025,Search,Sales_FR_BE_CH,Marca_Nova_FR,267,55,0.0,0.0,0.0,0.0,20.6,66.16,70.14
2025-10-01,2025,Search,Sales_PT,Marca Liberdade PT,1729,324,1.07,10.57,3.72,1.85,18.74,67.33,126.85
2025-10-01,2025,Search,Search_Brand_Hotel2,Marca,1927,332,0.02,185.5,0.01,185.5,17.23,77.52,153.08
2025-10-01,2025,Search,Search_Location_Hotel2,Hoteis em Santos,12913,528,0.0,0.0,0.38,1.12,4.09,5.0,152.05
2025-11-01,2025,Search,Sales_UK_IE,Marca Liberdade UK,211,50,1.0,452.25,2.0,452.25,23.7,60.4,51.44
2025-11-01,2025,Search,Sales_FR_BE_CH,Marca_Nova_FR,185,42,2.0,835.5,4.76,835.5,22.7,60.19,39.78
2025-11-01,2025,Search,Sales_PT,Marca Liberdade PT,1466,288,3.64,229.93,4.39,66.88,19.65,64.34,91.26
2025-11-01,2025,Search,Search_Brand_Hotel2,Marca,1633,308,1.63,437.7,0.53,437.7,18.86,81.73,150.61
2025-11-01,2025,Search,Search_Location_Hotel2,Hoteis em Santos,9832,564,1.0,505.55,0.18,505.55,5.74,5.0,152.12
2025-12-01,2025,Search,Sales_UK_IE,Marca Liberdade UK,222,44,0.14,364.0,0.32,364.0,19.82,73.53,40.5
2025-12-01,2025,Search,Sales_FR_BE_CH,Marca_Nova_FR,298,54,0.14,546.0,0.26,546.0,18.12,68.86,50.94
2025-12-01,2025,Search,Sales_PT,Marca Liberdade PT,1552,305,1.92,325.58,2.92,70.84,19.65,75.42,91.17
2025-12-01,2025,Search,Search_Brand_Hotel2,Marca,1202,231,0.0,0.0,0.87,1.0,19.22,79.02,152.05
2025-12-01,2025,Search,Search_Location_Hotel2,Hoteis em Santos,10992,517,0.0,0.0,0.0,0.0,4.7,5.0,148.83
2026-01-01,2026,Search,Sales_UK_IE,Marca Liberdade UK,144,34,1.0,,2.94,,23.61,25.16,54.62
2026-01-01,2026,Search,Sales_FR_BE_CH,Marca_Nova_FR,96,30,0.0,0.0,0.0,0.0,31.25,23.67,36.59
2026-01-01,2026,Search,Sales_PT,Marca Liberdade PT,1716,304,0.0,0.0,2.3,1.0,17.72,73.92,91.28
2026-01-01,2026,Search,Search_Brand_Hotel2,Marca,1667,268,0.0,0.0,0.0,0.0,16.08,77.68,151.11
2026-01-01,2026,Search,Search_Location_Hotel2,Hoteis em Santos,10946,560,0.0,0.0,0.0,0.0,5.12,5.0,150.81
2026-02-01,2026,Search,Sales_UK_IE,Marca Liberdade UK,278,50,0.0,0.0,0.0,0.0,17.99,54.89,35.14
2026-02-01,2026,Search,Sales_FR_BE_CH,Marca_Nova_FR,257,59,0.01,442.5,0.02,442.5,22.96,60.67,56.54
2026-02-01,2026,Search,Sales_PT,Marca Liberdade PT,1431,267,0.05,156.0,2.27,2.36,18.66,69.65,90.51
2026-02-01,2026,Search,Search_Brand_Hotel2,Marca,1553,246,0.0,0.0,0.0,0.0,15.84,74.67,150.47
2026-02-01,2026,Search,Search_Location_Hotel2,Hoteis em Santos,8400,536,0.0,0.0,0.0,0.0,6.38,5.0,149.55
