Month,Year,Campaign_type,Campaign,Impressions,Clicks,Conversions,Value_per_conv,All_conv_rate,All_conv_value,CTR,Search_impr_share,Cost
2015-02-01,2015,Search,Search_Brand_BR,342,1,1.0,0.0,100.0,0.0,0.29,28.12,1.84
2015-03-01,2015,Search,Search_Brand_USA,11083,27,18.0,0.0,66.67,0.0,0.24,39.11,141.54
2015-03-01,2015,Search,Search_Brand_BR,17348,64,55.0,0.0,85.94,0.0,0.37,59.82,148.57
2015-03-01,2015,Search,Search_Brand_ESP,23923,82,63.0,0.0,76.83,0.0,0.34,25.93,186.85
2015-03-01,2015,Search,Search_Brand_BR_2,72,1,0.0,0.0,0.0,0.0,1.39,5.0,0.08
2015-03-01,2015,Search,Remarketing_BR,681,0,0.0,0.0,0.0,0.0,0.0,5.0,0.0
2015-03-01,2015,Search,Remarketing_ESP,38,0,0.0,0.0,0.0,0.0,0.0,5.0,0.0
2015-04-01,2015,Search,Search_Brand_BR,1,0,0.0,0.0,0.0,0.0,0.0,20.0,0.0
2015-04-01,2015,Search,Search_Brand_ESP,1,0,0.0,0.0,0.0,0.0,0.0,5.0,0.0
2015-04-01,2015,Search,Search_Brand_BR_2,2,0,0.0,0.0,0.0,0.0,0.0,5.0,0.0
2015-04-01,2015,Search,Remarketing_BR,219,3,0.0,0.0,0.0,0.0,1.37,5.0,0.09
2020-01-01,2020,Search,Sales_UK_IE,228,48,1.0,10.0,4.17,5.5,21.05,86.26,74.11
2020-01-01,2020,Search,Sales_USA_CA,157,33,2.0,0.0,15.15,0.6,21.02,92.81,77.36
2020-01-01,2020,Search,Sales_FR_BE_CH,229,62,2.0,10.0,40.98,1.72,27.07,86.74,97.88
2020-01-01,2020,Search,Brand_CityBreak_Europe,710,55,0.0,0.0,0.0,0.0,7.75,55.43,117.02
2020-02-01,2020,Search,Sales_UK_IE,124,25,1.0,10.0,8.0,5.5,20.16,70.45,56.92
2020-02-01,2020,Search,Sales_USA_CA,259,51,1.0,0.0,11.76,0.83,19.69,83.82,108.49
2020-02-01,2020,Search,Sales_FR_BE_CH,612,92,2.0,0.0,43.48,0.95,15.03,74.82,27.33
2020-02-01,2020,Search,Brand_CityBreak_Europe,669,66,0.0,0.0,0.0,0.0,9.87,31.28,126.7
2020-02-01,2020,Search,Seasonal_Valentines_PT,924,214,1.0,0.0,0.94,0.5,23.16,61.92,87.36
2020-02-01,2020,Search,Restaurant_PT,700,139,0.0,0.0,0.0,0.0,19.86,48.77,35.53
2020-02-01,2020,Search,Brand_Awareness_FR,548,82,0.0,0.0,0.0,0.0,14.96,32.43,89.91
2020-02-01,2020,Search,Sales_DE_CH_BE_NL,37,10,1.0,0.0,20.0,0.5,27.03,94.87,15.72
2020-03-01,2020,Search,Sales_UK_IE,130,19,0.0,0.0,10.53,1.0,14.62,91.49,19.83
2020-03-01,2020,Search,Sales_USA_CA,120,15,0.0,0.0,0.0,0.0,12.5,85.0,54.6
2020-03-01,2020,Search,Sales_FR_BE_CH,253,74,0.0,0.0,12.16,3.0,29.25,84.46,108.84
2020-03-01,2020,Search,Brand_CityBreak_Europe,259,40,0.0,0.0,0.0,0.0,15.44,58.94,68.3
2020-03-01,2020,Search,Brand_Awareness_FR,1630,241,0.0,0.0,1.24,1.0,14.79,66.31,174.13
2020-03-01,2020,Search,Sales_DE_CH_BE_NL,117,41,0.0,0.0,7.32,4.0,35.04,81.12,94.36
2020-03-01,2020,Search,Brand_MICE_PT,351,67,0.0,0.0,0.0,0.0,19.09,74.36,72.89
2020-03-01,2020,Search,Brand_Awareness_PT,3013,123,0.0,0.0,0.0,0.0,4.08,70.84,101.53
2020-03-01,2020,Search,Brand_Awareness_USA,21,1,0.0,0.0,0.0,0.0,4.76,40.38,9.68
2020-04-01,2020,Search,Sales_UK_IE,38,9,0.0,0.0,11.11,10.0,23.68,80.43,3.67
2020-04-01,2020,Search,Brand_Awareness_FR,450,82,0.0,0.0,0.0,0.0,18.22,87.37,72.22
2020-04-01,2020,Search,Sales_DE_CH_BE_NL,62,21,0.0,0.0,14.29,1.0,33.87,89.86,2.76
2020-04-01,2020,Search,Brand_MICE_PT,244,56,0.0,0.0,0.0,0.0,22.95,80.55,34.06
2020-04-01,2020,Search,Brand_Awareness_PT,2815,195,0.0,0.0,0.0,0.0,6.93,97.36,107.58
2020-04-01,2020,Search,Brand_Awareness_USA,14,0,0.0,0.0,0.0,0.0,0.0,23.53,0.0
2020-05-01,2020,Search,Sales_UK_IE,61,20,0.0,0.0,5.0,1.0,32.79,75.95,6.3
2020-05-01,2020,Search,Brand_Awareness_FR,487,91,1.0,0.0,1.1,0.0,18.69,82.85,76.88
2020-05-01,2020,Search,Sales_DE_CH_BE_NL,47,5,0.0,0.0,20.0,1.0,10.64,79.66,1.39
2020-05-01,2020,Search,Brand_MICE_PT,395,69,0.0,0.0,0.0,0.0,17.47,89.82,41.06
2020-05-01,2020,Search,Brand_Awareness_PT,2870,212,0.0,0.0,0.0,0.0,7.39,92.02,121.36
2020-05-01,2020,Search,Brand_Awareness_USA,28,1,0.0,0.0,0.0,0.0,3.57,31.76,1.15
2020-06-01,2020,Search,Sales_UK_IE,71,27,1.0,0.0,22.22,2.33,38.03,68.27,7.91
2020-06-01,2020,Search,Brand_Awareness_FR,1555,314,1.0,10.0,0.64,5.5,20.19,78.98,329.49
2020-06-01,2020,Search,Sales_DE_CH_BE_NL,62,22,0.0,0.0,0.0,0.0,35.48,84.51,22.6
2020-06-01,2020,Search,Brand_MICE_PT,136,35,0.0,0.0,0.0,0.0,25.74,84.5,22.42
2020-06-01,2020,Search,Brand_Awareness_PT,3041,158,0.0,0.0,0.0,0.0,5.2,87.53,120.88
2020-06-01,2020,Search,Brand_Awareness_USA,65,9,0.0,0.0,0.0,0.0,13.85,43.26,9.92
2020-07-01,2020,Search,Sales_UK_IE,65,18,0.0,0.0,0.0,0.0,27.69,68.48,23.21
2020-07-01,2020,Search,Brand_Awareness_FR,983,184,0.0,0.0,0.0,0.0,18.72,71.94,242.57
2020-07-01,2020,Search,Sales_DE_CH_BE_NL,56,23,1.0,0.0,4.35,0.0,41.07,78.87,43.19
2020-07-01,2020,Search,Brand_Awareness_PT,3862,112,0.0,0.0,0.0,0.0,2.9,87.43,97.59
2020-07-01,2020,Search,Brand_Awareness_USA,36,3,0.0,0.0,0.0,0.0,8.33,27.13,3.35
2020-08-01,2020,Search,Sales_UK_IE,82,27,0.0,0.0,0.0,0.0,32.93,77.36,30.21
2020-08-01,2020,Search,Brand_Awareness_FR,1439,264,0.0,0.0,0.0,0.0,18.35,66.63,242.0
2020-08-01,2020,Search,Sales_DE_CH_BE_NL,80,22,0.0,0.0,0.0,0.0,27.5,90.91,51.87
2020-08-01,2020,Search,Brand_Awareness_PT,6317,176,1.0,10.0,0.57,10.0,2.79,69.37,122.0
2020-08-01,2020,Search,Brand_Awareness_USA,36,7,0.0,0.0,0.0,0.0,19.44,29.2,6.7
2020-09-01,2020,Search,Sales_UK_IE,57,15,0.0,0.0,6.67,10.0,26.32,85.07,17.97
2020-09-01,2020,Search,Brand_Awareness_FR,1660,302,0.0,0.0,0.0,0.0,18.19,64.43,241.13
2020-09-01,2020,Search,Sales_DE_CH_BE_NL,56,21,0.0,0.0,0.0,0.0,37.5,93.33,34.53
2020-09-01,2020,Search,Brand_Awareness_PT,4416,135,0.0,0.0,0.0,0.0,3.06,84.22,104.87
2020-09-01,2020,Search,Brand_Awareness_USA,45,4,0.0,0.0,0.0,0.0,8.89,39.82,4.64
2020-10-01,2020,Search,Sales_UK_IE,52,9,0.0,0.0,22.22,1.0,17.31,82.54,12.92
2020-10-01,2020,Search,Brand_Awareness_FR,1439,298,0.0,0.0,0.0,0.0,20.71,70.81,216.79
2020-10-01,2020,Search,Sales_DE_CH_BE_NL,13,4,0.0,0.0,0.0,0.0,30.77,68.42,16.0
2020-10-01,2020,Search,Brand_Awareness_PT,3103,156,0.0,0.0,0.0,0.0,5.03,80.36,118.85
2020-10-01,2020,Search,Brand_Awareness_USA,17,1,0.0,0.0,0.0,0.0,5.88,18.89,1.14
2020-11-01,2020,Search,Sales_UK_IE,15,3,0.0,0.0,0.0,0.0,20.0,87.5,5.41
2020-11-01,2020,Search,Brand_Awareness_FR,166,36,0.0,0.0,0.0,0.0,21.69,85.64,50.1
2020-11-01,2020,Search,Sales_DE_CH_BE_NL,8,2,0.0,0.0,0.0,0.0,25.0,88.89,6.06
2020-11-01,2020,Search,Brand_Awareness_PT,839,62,0.0,0.0,0.0,0.0,7.39,71.52,41.44
2020-11-01,2020,Search,Brand_Awareness_USA,0,0,0.0,0.0,0.0,0.0,0.0,5.0,0.0
2021-06-01,2021,Search,Sales_FR_BE_CH,91,21,0.0,0.0,9.52,1.0,23.08,93.81,53.06
2021-06-01,2021,Search,Brand_Awareness_FR,245,47,0.0,0.0,2.13,1.0,19.18,64.38,58.7
2021-06-01,2021,Search,Sales_DE_CH_BE_NL,56,12,0.0,0.0,0.0,0.0,21.43,75.68,15.07
2021-06-01,2021,Demand Gen,Brand_Discovery_FR,11741,133,0.0,0.0,0.0,0.0,1.13,,52.03
2021-06-01,2021,Demand Gen,Brand_Discovery_ESP,10398,747,1.0,0.0,0.07,0.0,7.18,,67.32
2021-06-01,2021,Search,Sales_ESP,161,33,1.0,0.0,3.03,0.0,20.5,81.31,42.49
2021-06-01,2021,Demand Gen,Brand_Discovery_DE_NL_CH_BE,3348,39,0.0,0.0,0.0,0.0,1.16,,41.7
2021-06-01,2021,Display,Brand_Discovery_Display_ESP,86430,763,0.0,0.0,0.0,0.0,0.88,,43.94
2021-06-01,2021,Search,Brand_Awareness_ESP,24,6,0.0,0.0,0.0,0.0,25.0,61.54,5.75
2021-06-01,2021,Demand Gen,Brand_Discovery_Europe,7614,114,0.0,0.0,0.0,0.0,1.5,,7.13
2021-07-01,2021,Search,Sales_FR_BE_CH,114,31,0.0,0.0,25.81,1.0,27.19,80.14,66.47
2021-07-01,2021,Search,Brand_Awareness_FR,83,15,0.0,0.0,0.0,0.0,18.07,41.09,36.49
2021-07-01,2021,Search,Sales_DE_CH_BE_NL,55,15,0.0,0.0,6.67,1.0,27.27,93.22,16.33
2021-07-01,2021,Search,Brand_Awareness_PT,2176,577,0.0,0.0,0.69,1.0,26.52,23.38,63.72
2021-07-01,2021,Demand Gen,Brand_Discovery_FR,8557,93,0.0,0.0,0.0,0.0,1.09,,20.05
2021-07-01,2021,Demand Gen,Brand_Discovery_ESP,36877,2362,1.0,0.0,0.15,0.8,6.41,,116.47
2021-07-01,2021,Search,Sales_ESP,278,91,1.0,0.0,17.58,0.94,32.73,86.83,77.18
2021-07-01,2021,Demand Gen,Brand_Discovery_DE_NL_CH_BE,13307,124,0.0,0.0,0.0,0.0,0.93,,70.98
2021-07-01,2021,Search,Brand_Awareness_ESP,150,43,1.0,0.0,2.33,0.0,28.67,85.23,58.49
2021-07-01,2021,Demand Gen,Brand_Discovery_Europe,150468,1650,0.0,0.0,0.0,0.0,1.1,,52.02
2021-07-01,2021,Demand Gen,Brand_Discovery_PT,6932,146,0.0,0.0,0.0,0.0,2.11,,46.92
2021-07-01,2021,Search,Sales_PT,421,99,0.0,0.0,7.07,1.0,23.52,64.4,19.11
2021-08-01,2021,Search,Brand_Awareness_PT,2539,339,0.0,0.0,0.59,1.0,13.35,12.29,56.68
2021-08-01,2021,Demand Gen,Brand_Discovery_FR,18532,185,0.0,0.0,0.0,0.0,1.0,,69.56
2021-08-01,2021,Demand Gen,Brand_Discovery_ESP,23557,1772,2.0,0.0,0.69,0.88,7.52,,70.94
2021-08-01,2021,Search,Sales_ESP,382,95,5.0,0.0,27.37,0.81,24.87,83.01,60.8
2021-08-01,2021,Demand Gen,Brand_Discovery_DE_NL_CH_BE,5012,63,0.0,0.0,0.0,0.0,1.26,,31.61
2021-08-01,2021,Search,Brand_Awareness_ESP,283,72,0.0,0.0,1.39,1.0,25.44,71.39,60.49
2021-08-01,2021,Demand Gen,Brand_Discovery_USA,10343,132,0.0,0.0,0.0,0.0,1.28,,130.8
2021-08-01,2021,Demand Gen,Brand_Discovery_Europe,21077,165,0.0,0.0,0.0,0.0,0.78,,4.87
2021-08-01,2021,Demand Gen,Brand_Discovery_PT,5746,208,0.0,0.0,0.0,0.0,3.62,,30.84
2021-08-01,2021,Search,Sales_PT,1164,260,3.0,0.0,14.62,0.92,22.34,66.82,54.33
2021-08-01,2021,Demand Gen,Brand_Discovery_UK,1980,158,0.0,0.0,0.5,1.0,7.98,,18.1
2021-09-01,2021,Search,Sales_FR_BE_CH,769,169,1.0,0.0,37.87,0.98,21.98,65.25,44.02
2021-09-01,2021,Demand Gen,Brand_Discovery_FR,7838,285,0.0,0.0,0.0,0.0,3.64,,67.99
2021-09-01,2021,Demand Gen,Brand_Discovery_ESP,19860,1444,1.0,0.0,0.8,0.95,7.27,,90.37
2021-09-01,2021,Search,Sales_ESP,523,122,5.0,2.0,28.69,1.14,23.33,84.36,46.37
2021-09-01,2021,Demand Gen,Brand_Discovery_DE_NL_CH_BE,9504,253,0.0,0.0,0.72,1.0,2.66,,93.07
2021-09-01,2021,Search,Brand_Awareness_ESP,92,26,0.0,0.0,15.38,1.0,28.26,68.15,17.99
2021-09-01,2021,Demand Gen,Brand_Discovery_USA,10540,122,0.0,0.0,0.0,0.0,1.16,,154.61
2021-09-01,2021,Demand Gen,Brand_Discovery_PT,6067,281,0.0,0.0,0.0,0.0,4.63,,20.63
2021-09-01,2021,Search,Sales_PT,1795,436,11.0,1.0,27.98,1.0,24.29,72.96,54.32
2021-09-01,2021,Demand Gen,Brand_Discovery_UK,11881,748,0.0,0.0,2.85,1.0,6.3,,60.88
2021-09-01,2021,Demand Gen,Brand_Discovery_BR,11644,1434,0.0,0.0,0.53,1.0,12.32,,45.13
2021-10-01,2021,Search,Sales_FR_BE_CH,381,91,4.0,0.0,54.95,0.92,23.88,64.36,51.38
2021-10-01,2021,Demand Gen,Brand_Discovery_FR,9612,277,0.0,0.0,0.14,1.0,2.88,,79.16
2021-10-01,2021,Demand Gen,Brand_Discovery_ESP,34695,2915,0.0,0.0,0.58,1.33,8.4,,125.68
2021-10-01,2021,Search,Sales_ESP,677,191,8.0,1.5,25.65,1.08,28.21,90.15,89.08
2021-10-01,2021,Demand Gen,Brand_Discovery_DE_NL_CH_BE,11967,347,0.0,0.0,0.14,1.0,2.9,,92.38
2021-10-01,2021,Demand Gen,Brand_Discovery_USA,11444,180,0.0,0.0,0.0,0.0,1.57,,153.75
2021-10-01,2021,Demand Gen,Brand_Discovery_PT,6023,283,0.0,0.0,0.52,1.0,4.7,,25.36
2021-10-01,2021,Search,Sales_PT,1844,441,24.0,1.63,24.94,1.14,23.92,64.77,55.91
2021-10-01,2021,Demand Gen,Brand_Discovery_UK,9710,463,0.0,0.0,0.16,1.0,4.77,,61.25
2021-10-01,2021,Demand Gen,Brand_Discovery_BR,14727,1266,1.0,0.0,0.33,0.88,8.6,,59.9
2021-11-01,2021,Search,Sales_FR_BE_CH,638,168,5.0,0.0,69.05,0.96,26.33,66.95,59.47
2021-11-01,2021,Search,Restaurant_PT,284,35,0.0,0.0,0.0,0.0,12.32,85.98,53.23
2021-11-01,2021,Demand Gen,Brand_Discovery_FR,11069,309,0.0,0.0,2.26,1.0,2.79,,81.6
2021-11-01,2021,Demand Gen,Brand_Discovery_ESP,39378,3074,0.0,0.0,1.27,1.0,7.81,,93.72
2021-11-01,2021,Search,Sales_ESP,678,225,11.0,1.0,24.44,1.0,33.19,87.76,119.1
2021-11-01,2021,Demand Gen,Brand_Discovery_DE_NL_CH_BE,6642,185,0.0,0.0,0.14,1.0,2.79,,38.06
2021-11-01,2021,Demand Gen,Brand_Discovery_USA,5874,149,0.0,0.0,0.0,0.0,2.54,,96.45
2021-11-01,2021,Search,Sales_PT,1665,428,22.0,1.09,22.9,1.02,25.71,64.2,58.4
2021-11-01,2021,Demand Gen,Brand_Discovery_UK,6281,331,0.0,0.0,0.0,0.0,5.27,,43.23
2021-11-01,2021,Demand Gen,Brand_Discovery_BR,12380,998,0.0,0.0,0.0,0.0,8.06,,61.06
2021-11-01,2021,Search,Restaurant_ENG,630,27,0.0,0.0,0.0,0.0,4.29,59.61,44.67
2021-12-01,2021,Search,Sales_FR_BE_CH,229,84,1.0,0.0,34.52,0.97,36.68,77.74,56.18
2021-12-01,2021,Demand Gen,Brand_Discovery_ESP,77295,2995,0.0,0.0,0.1,1.0,3.87,,129.37
2021-12-01,2021,Search,Sales_ESP,328,100,1.0,0.0,35.0,0.97,30.49,93.95,59.07
2021-12-01,2021,Demand Gen,Brand_Discovery_DE_NL_CH_BE,612,42,0.0,0.0,0.0,0.0,6.86,,3.98
2021-12-01,2021,Demand Gen,Brand_Discovery_USA,1485,18,0.0,0.0,0.0,0.0,1.21,,27.14
2021-12-01,2021,Demand Gen,Brand_Discovery_PT,9285,384,0.0,0.0,4.3,1.0,4.14,,46.43
2021-12-01,2021,Search,Sales_PT,1540,449,24.0,0.88,20.71,0.97,29.16,75.32,70.57
2021-12-01,2021,Demand Gen,Brand_Discovery_UK,2261,62,0.0,0.0,0.0,0.0,2.74,,15.04
2021-12-01,2021,Demand Gen,Brand_Discovery_BR,2413,116,0.0,0.0,0.43,1.0,4.81,,15.99
2021-12-01,2021,Search,Restaurant_ENG,287,20,0.0,0.0,0.0,0.0,6.97,66.31,31.92
2022-01-01,2022,Search,Sales_FR_BE_CH,491,138,3.0,0.0,19.57,0.89,28.11,69.42,60.8
2022-01-01,2022,Search,Brand_CityBreak_Europe,582,34,0.0,0.0,0.0,0.0,5.84,24.19,53.93
2022-01-01,2022,Search,Brand_Awareness_PT,1949,478,1.0,0.0,1.88,0.89,24.53,41.59,68.08
2022-01-01,2022,Demand Gen,Brand_Discovery_FR,11009,398,0.0,0.0,0.07,1.0,3.62,,76.12
2022-01-01,2022,Demand Gen,Brand_Discovery_ESP,34464,2629,1.0,0.0,0.39,0.91,7.63,,79.76
2022-01-01,2022,Search,Sales_ESP,350,136,13.0,1.46,13.97,1.32,38.86,90.21,96.64
2022-01-01,2022,Demand Gen,Brand_Discovery_DE_NL_CH_BE,797,92,0.0,0.0,1.03,1.0,11.54,,5.35
2022-01-01,2022,Search,Brand_Awareness_ESP,209,72,0.0,0.0,0.0,0.0,34.45,50.0,75.75
2022-01-01,2022,Demand Gen,Brand_Discovery_USA,3520,87,0.0,0.0,0.0,0.0,2.47,,49.14
2022-01-01,2022,Demand Gen,Brand_Discovery_PT,15192,592,0.0,0.0,0.3,1.0,3.9,,54.15
2022-01-01,2022,Search,Sales_PT,2604,791,35.0,1.23,21.49,1.05,30.38,82.76,120.97
2022-01-01,2022,Demand Gen,Brand_Discovery_UK,5049,334,0.0,0.0,0.0,0.0,6.62,,22.84
2022-02-01,2022,Search,Sales_FR_BE_CH,1198,221,4.0,0.0,34.84,1.06,18.45,62.77,59.44
2022-02-01,2022,Search,Brand_Awareness_PT,779,188,0.0,0.0,0.53,1.0,24.13,47.31,27.06
2022-02-01,2022,Demand Gen,Brand_Discovery_FR,8587,261,0.0,0.0,0.16,1.0,3.04,,67.2
2022-02-01,2022,Demand Gen,Brand_Discovery_ESP,26550,2204,0.0,0.0,0.21,1.0,8.3,,70.28
2022-02-01,2022,Search,Sales_ESP,544,181,10.0,0.0,30.94,0.82,33.27,89.72,88.99
2022-02-01,2022,Demand Gen,Brand_Discovery_DE_NL_CH_BE,235,22,0.0,0.0,0.0,0.0,9.36,,1.13
2022-02-01,2022,Search,Brand_Awareness_ESP,769,179,1.0,0.0,0.56,0.0,23.28,62.36,152.11
2022-02-01,2022,Demand Gen,Brand_Discovery_USA,7876,158,0.0,0.0,0.4,1.0,2.01,,69.05
2022-02-01,2022,Demand Gen,Brand_Discovery_PT,10413,262,0.0,0.0,0.08,1.0,2.52,,44.29
2022-02-01,2022,Search,Sales_PT,2727,783,37.0,0.84,28.35,0.97,28.71,74.19,142.86
2022-02-01,2022,Demand Gen,Brand_Discovery_UK,7925,258,0.0,0.0,1.28,1.0,3.26,,36.34
2022-03-01,2022,Search,Sales_FR_BE_CH,698,167,2.0,0.0,24.55,0.95,23.93,68.49,60.0
2022-03-01,2022,Demand Gen,Brand_Discovery_FR,11299,324,0.0,0.0,0.0,0.0,2.87,,74.76
2022-03-01,2022,Demand Gen,Brand_Discovery_ESP,49649,2991,0.0,0.0,0.06,1.0,6.02,,99.87
2022-03-01,2022,Search,Sales_ESP,562,165,6.0,0.17,30.3,0.9,29.36,84.81,83.86
2022-03-01,2022,Demand Gen,Brand_Discovery_DE_NL_CH_BE,373,35,0.0,0.0,0.0,0.0,9.38,,1.32
2022-03-01,2022,Search,Brand_Awareness_ESP,713,162,1.0,0.0,2.47,0.75,22.72,43.0,146.65
2022-03-01,2022,Demand Gen,Brand_Discovery_USA,12982,161,0.0,0.0,0.62,1.0,1.24,,93.03
2022-03-01,2022,Demand Gen,Brand_Discovery_PT,14050,401,0.0,0.0,0.21,1.0,2.85,,49.91
2022-03-01,2022,Search,Sales_PT,2831,693,32.0,1.13,22.37,1.03,24.48,68.0,103.12
2022-03-01,2022,Demand Gen,Brand_Discovery_UK,17298,484,0.0,0.0,0.33,1.0,2.8,,122.0
2022-03-01,2022,Demand Gen,Seasonal_Easter_ESP,64,8,0.0,0.0,0.0,0.0,12.5,,1.01
2022-04-01,2022,Search,Sales_FR_BE_CH,285,64,2.0,0.0,59.38,0.95,22.46,68.18,26.86
2022-04-01,2022,Search,Brand_Awareness_PT,9,0,0.0,0.0,0.0,0.0,0.0,20.93,0.0
2022-04-01,2022,Demand Gen,Brand_Discovery_FR,2679,64,0.0,0.0,0.0,0.0,2.39,,27.0
2022-04-01,2022,Demand Gen,Brand_Discovery_ESP,21601,1180,0.0,0.0,0.14,1.0,5.46,,43.28
2022-04-01,2022,Search,Sales_ESP,283,81,1.0,0.0,22.22,0.94,28.62,86.81,39.97
2022-04-01,2022,Demand Gen,Brand_Discovery_DE_NL_CH_BE,95,8,0.0,0.0,0.0,0.0,8.42,,0.27
2022-04-01,2022,Search,Brand_Awareness_ESP,394,66,1.0,0.0,1.52,0.0,16.75,29.05,42.41
2022-04-01,2022,Demand Gen,Brand_Discovery_USA,5001,43,0.0,0.0,0.0,0.0,0.86,,48.6
2022-04-01,2022,Search,Sales_PT,1077,260,16.0,0.75,56.54,0.97,24.14,66.44,53.64
2022-04-01,2022,Demand Gen,Brand_Discovery_UK,4893,189,0.0,0.0,0.46,1.0,3.86,,37.75
2022-04-01,2022,Demand Gen,Seasonal_Easter_ESP,287,39,0.0,0.0,0.0,0.0,13.59,,12.07
2022-05-01,2022,Search,Sales_FR_BE_CH,187,43,0.0,0.0,44.19,1.0,22.99,81.66,27.66
2022-05-01,2022,Search,Sales_ESP,136,29,0.0,0.0,27.59,1.0,21.32,83.44,23.93
2022-05-01,2022,Demand Gen,Brand_Discovery_DE_NL_CH_BE,549,35,0.0,0.0,0.0,0.0,6.38,,4.47
2022-05-01,2022,Search,Brand_Awareness_ESP,354,75,0.0,0.0,0.0,0.0,21.19,28.76,59.75
2022-05-01,2022,Demand Gen,Brand_Discovery_USA,5661,112,0.0,0.0,0.0,0.0,1.98,,57.7
2022-05-01,2022,Search,Sales_PT,1098,271,7.0,1.0,37.27,1.0,24.68,71.89,64.89
2022-05-01,2022,Demand Gen,Brand_Discovery_UK,1507,80,0.0,0.0,1.49,1.0,5.31,,5.78
2022-06-01,2022,Search,Sales_FR_BE_CH,448,106,3.0,0.0,22.64,1.25,23.66,66.82,59.26
2022-06-01,2022,Search,Brand_Awareness_FR,178,26,0.0,0.0,0.0,0.0,14.61,46.09,16.3
2022-06-01,2022,Demand Gen,Brand_Discovery_FR,4798,78,0.0,0.0,0.0,0.0,1.63,,44.43
2022-06-01,2022,Demand Gen,Brand_Discovery_ESP,15250,1202,0.0,0.0,0.12,1.0,7.88,,58.04
2022-06-01,2022,Search,Sales_ESP,290,103,3.0,0.33,8.74,0.78,35.52,84.46,59.04
2022-06-01,2022,Demand Gen,Brand_Discovery_DE_NL_CH_BE,379,36,0.0,0.0,2.7,1.0,9.5,,1.22
2022-06-01,2022,Search,Brand_Awareness_ESP,673,145,0.0,0.0,0.0,0.0,21.55,21.11,91.01
2022-06-01,2022,Demand Gen,Brand_Discovery_USA,11152,319,0.0,0.0,1.61,1.0,2.86,,102.49
2022-06-01,2022,Demand Gen,Brand_Discovery_PT,244,9,0.0,0.0,0.0,0.0,3.69,,0.54
2022-06-01,2022,Search,Sales_PT,2256,514,17.0,1.76,31.52,1.08,22.78,62.85,74.44
2022-06-01,2022,Demand Gen,Brand_Discovery_UK,7764,202,0.0,0.0,0.0,0.0,2.6,,61.1
2022-07-01,2022,Search,Sales_FR_BE_CH,417,79,0.0,0.0,27.85,1.0,18.94,67.15,60.77
2022-07-01,2022,Search,Brand_Awareness_FR,543,72,0.0,0.0,0.0,0.0,13.26,27.57,61.44
2022-07-01,2022,Demand Gen,Brand_Discovery_FR,13649,218,0.0,0.0,0.0,0.0,1.6,,102.15
2022-07-01,2022,Demand Gen,Brand_Discovery_ESP,33121,2416,0.0,0.0,0.33,1.0,7.29,,125.56
2022-07-01,2022,Search,Sales_ESP,602,215,9.0,0.11,36.28,0.9,35.71,87.98,97.25
2022-07-01,2022,Demand Gen,Brand_Discovery_DE_NL_CH_BE,31386,375,0.0,0.0,0.0,0.0,1.19,,80.14
2022-07-01,2022,Search,Brand_Awareness_ESP,840,137,1.0,0.0,0.73,0.0,16.31,19.67,91.19
2022-07-01,2022,Demand Gen,Brand_Discovery_USA,11311,336,0.0,0.0,0.2,1.0,2.97,,122.97
2022-07-01,2022,Search,Sales_PT,1962,421,20.0,1.25,19.71,1.06,21.46,58.28,64.47
2022-07-01,2022,Demand Gen,Brand_Discovery_UK,5876,280,0.0,0.0,0.43,1.0,4.77,,60.71
2022-08-01,2022,Search,Sales_FR_BE_CH,487,119,2.0,0.0,39.5,1.34,24.44,64.64,62.55
2022-08-01,2022,Search,Restaurant_PT,400,51,0.0,0.0,0.0,0.0,12.75,47.33,49.69
2022-08-01,2022,Search,Brand_Awareness_FR,606,78,0.0,0.0,0.0,0.0,12.87,20.73,61.0
2022-08-01,2022,Search,Sales_ESP,552,154,4.0,2.75,20.78,1.22,27.9,78.95,67.64
2022-08-01,2022,Demand Gen,Brand_Discovery_DE_NL_CH_BE,5924,139,0.0,0.0,0.0,0.0,2.35,,33.29
2022-08-01,2022,Search,Brand_Awareness_ESP,623,118,0.0,0.0,0.0,0.0,18.94,20.82,90.65
2022-08-01,2022,Demand Gen,Brand_Discovery_USA,10793,340,0.0,0.0,0.73,1.0,3.15,,122.03
2022-08-01,2022,Search,Sales_PT,1788,401,11.0,1.64,22.69,1.08,22.43,55.43,68.47
2022-08-01,2022,Demand Gen,Brand_Discovery_UK,4412,224,0.0,0.0,0.0,0.0,5.08,,61.32
2022-08-01,2022,Search,Restaurant_ENG,534,30,0.0,0.0,0.0,0.0,5.62,32.22,47.84
2022-09-01,2022,Search,Sales_UK_IE,53,12,0.0,0.0,16.67,5.5,22.64,65.79,12.65
2022-09-01,2022,Search,Sales_FR_BE_CH,408,102,1.0,0.0,18.63,0.95,25.0,67.89,57.29
2022-09-01,2022,Search,Brand_Awareness_FR,650,69,0.0,0.0,1.45,1.0,10.62,20.5,60.78
2022-09-01,2022,Search,Sales_ESP,491,158,2.0,0.0,18.35,0.93,32.18,82.11,74.65
2022-09-01,2022,Demand Gen,Brand_Discovery_DE_NL_CH_BE,11392,257,0.0,0.0,0.0,0.0,2.26,,35.41
2022-09-01,2022,Search,Brand_Awareness_ESP,548,97,0.0,0.0,0.0,0.0,17.7,25.95,88.18
2022-09-01,2022,Demand Gen,Brand_Discovery_USA,8407,343,0.0,0.0,0.82,1.0,4.08,,116.75
2022-09-01,2022,Search,Sales_PT,2184,488,35.0,1.14,20.29,1.05,22.34,57.22,86.68
2022-09-01,2022,Demand Gen,Brand_Discovery_UK,9839,277,1.0,0.0,0.26,0.75,2.82,,109.2
2022-09-01,2022,Search,Restaurant_ENG,1073,66,0.0,0.0,0.0,0.0,6.15,34.58,64.85
2022-10-01,2022,Search,Sales_UK_IE,133,41,2.0,0.0,9.76,0.5,30.83,70.33,90.92
2022-10-01,2022,Search,Sales_FR_BE_CH,432,116,3.0,0.0,29.31,1.18,26.85,65.75,60.8
2022-10-01,2022,Search,Brand_Awareness_FR,800,80,0.0,0.0,0.0,0.0,10.0,21.68,60.85
2022-10-01,2022,Search,Sales_ESP,363,101,2.0,0.0,78.22,0.97,27.82,86.33,57.57
2022-10-01,2022,Demand Gen,Brand_Discovery_DE_NL_CH_BE,33636,337,0.0,0.0,0.41,1.0,1.0,,57.19
2022-10-01,2022,Search,Brand_Awareness_ESP,651,110,0.0,0.0,0.0,0.0,16.9,29.95,91.12
2022-10-01,2022,Demand Gen,Brand_Discovery_USA,9469,296,0.0,0.0,0.0,0.0,3.13,,122.52
2022-10-01,2022,Search,Sales_PT,2242,616,28.0,1.71,28.08,1.12,27.48,62.95,107.19
2022-10-01,2022,Demand Gen,Brand_Discovery_UK,15935,269,0.0,0.0,0.1,1.0,1.69,,122.94
2022-10-01,2022,Search,Restaurant_ENG,1202,74,0.0,0.0,0.0,0.0,6.16,34.74,63.0
2022-11-01,2022,Search,Sales_UK_IE,123,47,0.0,0.0,21.28,2.8,38.21,73.94,90.96
2022-11-01,2022,Search,Sales_FR_BE_CH,600,129,1.0,0.0,14.73,0.95,21.5,62.31,58.94
2022-11-01,2022,Search,Restaurant_PT,55,6,0.0,0.0,0.0,0.0,10.91,100.0,6.74
2022-11-01,2022,Search,Brand_Awareness_FR,682,76,0.0,0.0,0.0,0.0,11.14,17.9,60.97
2022-11-01,2022,Demand Gen,Brand_Discovery_ESP,50083,5595,0.0,0.0,0.69,1.0,11.17,,87.63
2022-11-01,2022,Search,Sales_ESP,515,144,6.0,3.83,21.53,1.55,27.96,83.75,54.51
2022-11-01,2022,Demand Gen,Brand_Discovery_DE_NL_CH_BE,1912,45,0.0,0.0,0.0,0.0,2.35,,7.61
2022-11-01,2022,Search,Brand_Awareness_ESP,654,125,0.0,0.0,3.2,1.0,19.11,30.99,103.17
2022-11-01,2022,Demand Gen,Brand_Discovery_USA,9701,362,0.0,0.0,0.69,1.0,3.73,,122.1
2022-11-01,2022,Search,Sales_PT,1831,536,24.36,1.12,23.95,1.02,29.27,57.97,75.88
2022-11-01,2022,Demand Gen,Brand_Discovery_UK,10216,228,0.0,0.0,0.19,1.0,2.23,,86.1
2022-11-01,2022,Search,Restaurant_ENG,2472,219,0.0,0.0,0.0,0.0,8.86,22.43,90.35
2022-12-01,2022,Search,Sales_UK_IE,109,38,1.0,0.0,10.53,0.75,34.86,61.58,92.62
2022-12-01,2022,Search,Sales_FR_BE_CH,564,140,3.0,0.0,32.86,0.93,24.82,61.52,60.69
2022-12-01,2022,Search,Restaurant_PT,1402,204,0.0,0.0,3.92,1.0,14.55,46.89,153.2
2022-12-01,2022,Search,Brand_Awareness_FR,419,53,0.0,0.0,1.89,1.0,12.65,17.52,40.35
2022-12-01,2022,Search,Brand_Awareness_PT,97,31,0.0,0.0,6.45,1.0,31.96,73.64,40.59
2022-12-01,2022,Demand Gen,Brand_Discovery_FR,6054,179,0.0,0.0,0.0,0.0,2.96,,41.7
2022-12-01,2022,Demand Gen,Brand_Discovery_ESP,31634,3775,0.0,0.0,0.03,1.0,11.93,,50.43
2022-12-01,2022,Search,Sales_ESP,409,137,7.0,5.71,19.71,2.22,33.5,85.53,71.4
2022-12-01,2022,Demand Gen,Brand_Discovery_DE_NL_CH_BE,4092,180,0.0,0.0,0.37,1.0,4.4,,72.06
2022-12-01,2022,Search,Brand_Awareness_ESP,484,85,0.0,0.0,0.0,0.0,17.56,37.5,80.76
2022-12-01,2022,Demand Gen,Brand_Discovery_USA,5917,100,0.0,0.0,0.0,0.0,1.69,,88.88
2022-12-01,2022,Search,Sales_PT,1925,622,45.64,1.2,26.79,1.05,32.31,60.37,121.72
2022-12-01,2022,Demand Gen,Brand_Discovery_UK,10959,186,0.0,0.0,0.1,1.0,1.7,,92.45
2022-12-01,2022,Search,Restaurant_ENG,1452,106,0.0,0.0,0.0,0.0,7.3,31.09,58.61
2022-12-01,2022,Search,Seasonal_NewYear_PT,3764,572,0.0,0.0,0.17,1.0,15.2,21.44,179.36
2022-12-01,2022,Demand Gen,Seasonal_NewYear_PT_2,27753,908,0.0,0.0,0.0,0.0,3.27,,104.36
2023-01-01,2023,Search,Sales_UK_IE,264,86,8.0,0.0,26.74,1.04,32.58,71.51,93.18
2023-01-01,2023,Search,Sales_FR_BE_CH,738,211,8.0,0.0,29.86,1.44,28.59,69.69,59.06
2023-01-01,2023,Search,Restaurant_PT,602,117,0.0,0.0,0.0,0.0,19.44,35.6,39.39
2023-01-01,2023,Search,Brand_Awareness_FR,696,91,0.0,0.0,3.3,1.0,13.07,25.59,74.28
2023-01-01,2023,Demand Gen,Brand_Discovery_FR,9276,553,0.0,0.0,0.16,1.0,5.96,,57.06
2023-01-01,2023,Search,Sales_ESP,410,154,7.0,1.43,14.94,1.13,37.56,87.39,98.39
2023-01-01,2023,Demand Gen,Brand_Discovery_USA,10316,299,0.0,0.0,0.13,1.0,2.9,,116.93
2023-01-01,2023,Search,Sales_PT,2668,714,48.0,0.52,20.59,0.84,26.76,55.37,125.18
2023-01-01,2023,Demand Gen,Brand_Discovery_UK,9079,576,1.0,0.0,1.38,0.92,6.34,,70.63
2023-02-01,2023,Search,Sales_UK_IE,336,82,0.0,0.0,6.1,97.86,24.4,78.82,109.83
2023-02-01,2023,Search,Sales_USA_CA,210,40,0.0,0.0,0.0,0.0,19.05,63.66,114.97
2023-02-01,2023,Search,Sales_FR_BE_CH,1126,241,0.0,0.0,12.86,1.0,21.4,52.18,59.95
2023-02-01,2023,Search,Restaurant_PT,756,154,0.0,0.0,0.0,0.0,20.37,41.74,55.26
2023-02-01,2023,Demand Gen,Brand_Discovery_FR,38410,1294,0.0,0.0,0.0,0.0,3.37,,112.96
2023-02-01,2023,Search,Sales_ESP,397,115,2.0,,3.48,564.84,28.97,84.8,60.55
2023-02-01,2023,Demand Gen,Brand_Discovery_DE_NL_CH_BE,5238,569,0.0,0.0,0.0,0.0,10.86,,56.54
2023-02-01,2023,Demand Gen,Brand_Discovery_USA,18167,414,0.0,0.0,0.07,1.0,2.28,,193.14
2023-02-01,2023,Search,Sales_PT,2120,497,16.0,259.78,24.95,34.39,23.44,50.58,89.59
2023-02-01,2023,Demand Gen,Brand_Discovery_UK,21401,1094,0.0,0.0,0.1,1.0,5.11,,186.56
2023-03-01,2023,Search,Sales_UK_IE,394,99,0.0,0.0,1.01,770.66,25.13,73.73,119.72
2023-03-01,2023,Search,Sales_USA_CA,314,80,0.0,0.0,5.0,840.8,25.48,64.21,129.98
2023-03-01,2023,Search,Sales_FR_BE_CH,669,146,0.0,0.0,0.0,0.0,21.82,54.77,58.2
2023-03-01,2023,Search,Restaurant_PT,1668,246,0.0,0.0,0.0,0.0,14.75,45.06,100.07
2023-03-01,2023,Demand Gen,Brand_Discovery_FR,19610,1579,0.0,0.0,0.0,0.0,8.05,,79.07
2023-03-01,2023,Demand Gen,Brand_Discovery_ESP,26504,1621,0.0,0.0,0.0,0.0,6.12,,36.67
2023-03-01,2023,Search,Sales_ESP,464,135,3.0,182.38,2.22,182.38,29.09,81.12,55.75
2023-03-01,2023,Demand Gen,Brand_Discovery_DE_NL_CH_BE,8046,848,0.0,0.0,0.0,0.0,10.54,,87.11
2023-03-01,2023,Demand Gen,Brand_Discovery_USA,11919,397,0.0,0.0,0.0,0.0,3.33,,121.93
2023-03-01,2023,Search,Sales_PT,2254,504,21.0,66.26,4.17,66.26,22.36,48.3,64.0
2023-03-01,2023,Demand Gen,Brand_Discovery_UK,13184,687,0.0,0.0,0.0,0.0,5.21,,99.23
2023-04-01,2023,Search,Sales_UK_IE,350,102,0.0,0.0,13.73,1.0,29.14,67.5,122.61
2023-04-01,2023,Search,Sales_USA_CA,373,82,0.0,0.0,15.85,385.85,21.98,72.29,144.75
2023-04-01,2023,Search,Sales_FR_BE_CH,520,121,0.0,0.0,10.74,91.38,23.27,63.37,59.57
2023-04-01,2023,Search,Restaurant_PT,2194,290,0.0,0.0,5.52,1.0,13.22,29.65,100.0
2023-04-01,2023,Search,Brand_Awareness_FR,625,123,0.0,0.0,4.07,1.0,19.68,39.93,59.61
2023-04-01,2023,Search,Brand_Awareness_USA,739,59,0.0,0.0,1.69,1.0,7.98,5.0,98.01
2023-04-01,2023,Demand Gen,Brand_Discovery_FR,15647,1228,0.0,0.0,0.28,1.0,7.85,,61.59
2023-04-01,2023,Demand Gen,Brand_Discovery_ESP,14353,734,0.0,0.0,0.0,0.0,5.11,,17.23
2023-04-01,2023,Search,Sales_ESP,178,61,4.0,293.57,18.03,107.39,34.27,83.96,40.79
2023-04-01,2023,Demand Gen,Brand_Discovery_DE_NL_CH_BE,3381,350,0.0,0.0,0.0,0.0,10.35,,31.39
2023-04-01,2023,Demand Gen,Brand_Discovery_USA,14644,468,0.0,0.0,0.67,1.0,3.2,,141.9
2023-04-01,2023,Search,Sales_PT,1909,411,16.0,136.75,14.11,38.45,21.53,54.13,64.99
2023-04-01,2023,Demand Gen,Brand_Discovery_UK,15201,395,0.0,0.0,0.0,0.0,2.6,,120.54
2023-04-01,2023,Demand Gen,Remarketing_ENG,1493,166,0.0,0.0,0.76,1.0,11.12,,26.52
2023-04-01,2023,Display,Remarketing_Display_ENG,62,0,0.0,0.0,0.0,0.0,0.0,,0.0
2023-05-01,2023,Search,Sales_UK_IE,463,127,0.0,0.0,53.54,29.12,27.43,64.62,119.39
2023-05-01,2023,Search,Sales_USA_CA,287,75,0.0,0.0,36.0,73.39,26.13,68.26,108.74
2023-05-01,2023,Search,Sales_FR_BE_CH,418,125,0.0,0.0,28.0,38.07,29.9,54.09,60.79
2023-05-01,2023,Search,Restaurant_PT,100,7,0.0,0.0,42.86,1.0,7.0,69.12,4.49
2023-05-01,2023,Search,Brand_Awareness_FR,1394,251,0.0,0.0,1.2,1.0,18.01,42.59,116.95
2023-05-01,2023,Search,Brand_Awareness_USA,1834,174,1.0,,8.05,73.62,9.49,5.0,204.11
2023-05-01,2023,Demand Gen,Brand_Discovery_DE_NL_CH_BE,3093,306,0.0,0.0,0.31,1.0,9.89,,24.59
2023-05-01,2023,Demand Gen,Brand_Discovery_USA,22713,392,0.0,0.0,0.0,0.0,1.73,,86.05
2023-05-01,2023,Search,Sales_PT,1706,410,28.0,41.48,37.8,8.31,24.03,50.28,70.7
2023-05-01,2023,Demand Gen,Brand_Discovery_UK,11212,242,0.0,0.0,0.8,1.0,2.16,,82.81
2023-05-01,2023,Search,Restaurant_ENG,555,18,0.0,0.0,55.56,1.0,3.24,5.0,6.0
2023-05-01,2023,Demand Gen,Remarketing_ENG,1530,127,0.0,0.0,0.0,0.0,8.3,,31.63
2023-05-01,2023,Display,Remarketing_Display_ENG,19,0,0.0,0.0,0.0,0.0,0.0,,0.0
2023-06-01,2023,Search,Sales_UK_IE,408,116,0.0,0.0,18.1,31.05,28.43,68.47,121.26
2023-06-01,2023,Search,Sales_USA_CA,221,49,0.0,0.0,48.98,92.65,22.17,66.67,75.37
2023-06-01,2023,Search,Sales_FR_BE_CH,381,91,0.0,0.0,19.78,264.71,23.88,64.08,60.55
2023-06-01,2023,Search,Restaurant_PT,1781,200,0.0,0.0,4.0,1.0,11.23,36.26,87.55
2023-06-01,2023,Search,Brand_Awareness_FR,755,143,0.0,0.0,1.4,1.0,18.94,44.61,120.61
2023-06-01,2023,Search,Brand_Awareness_USA,946,83,0.0,0.0,3.61,1.0,8.77,38.33,266.56
2023-06-01,2023,Demand Gen,Brand_Discovery_DE_NL_CH_BE,3761,257,0.0,0.0,0.0,0.0,6.83,,25.86
2023-06-01,2023,Demand Gen,Brand_Discovery_USA,15587,325,0.0,0.0,0.0,0.0,2.09,,63.06
2023-06-01,2023,Search,Sales_PT,1727,404,21.0,58.82,27.97,11.75,23.39,56.17,90.71
2023-06-01,2023,Demand Gen,Brand_Discovery_UK,1700,113,0.0,0.0,0.0,0.0,6.65,,14.83
2023-06-01,2023,Search,Restaurant_ENG,10910,384,0.0,0.0,54.43,1.0,3.52,5.0,91.01
2023-06-01,2023,Demand Gen,Remarketing_ENG,1508,68,0.0,0.0,0.0,0.0,4.51,,30.48
2023-07-01,2023,Search,Sales_UK_IE,367,105,0.0,0.0,41.9,19.85,28.61,67.78,114.22
2023-07-01,2023,Search,Sales_USA_CA,281,67,0.0,0.0,5.97,1.0,23.84,71.72,151.99
2023-07-01,2023,Search,Sales_FR_BE_CH,315,77,0.0,0.0,35.06,107.99,24.44,68.03,61.48
2023-07-01,2023,Search,Restaurant_PT,1223,135,0.0,0.0,2.22,1.0,11.04,23.37,42.07
2023-07-01,2023,Search,Brand_Awareness_FR,554,87,0.0,0.0,0.0,0.0,15.7,46.57,75.14
2023-07-01,2023,Search,Brand_Awareness_USA,238,29,0.0,0.0,0.0,0.0,12.18,16.4,67.5
2023-07-01,2023,Demand Gen,Brand_Discovery_DE_NL_CH_BE,4913,332,0.0,0.0,0.49,1.0,6.76,,52.97
2023-07-01,2023,Demand Gen,Brand_Discovery_USA,7981,252,0.0,0.0,0.0,0.0,3.16,,137.28
2023-07-01,2023,Search,Sales_PT,1206,269,16.0,128.49,50.19,16.11,22.31,50.31,52.29
2023-07-01,2023,Demand Gen,Brand_Discovery_UK,6587,239,0.0,0.0,0.37,1.0,3.63,,63.5
2023-07-01,2023,Search,Restaurant_ENG,9369,337,0.0,0.0,42.73,1.0,3.6,10.01,91.57
2023-07-01,2023,Search,Brand_Awareness_BR,910,52,0.0,0.0,1.92,1.0,5.71,25.3,37.67
2023-08-01,2023,Search,Sales_UK_IE,329,84,0.0,0.0,7.14,1.0,25.53,65.53,120.27
2023-08-01,2023,Search,Sales_USA_CA,306,89,3.0,361.23,20.22,61.04,29.08,72.38,152.57
2023-08-01,2023,Search,Sales_FR_BE_CH,188,61,1.0,548.68,21.31,43.13,32.45,56.46,61.24
2023-08-01,2023,Search,Restaurant_PT,1506,152,0.0,0.0,15.13,1.0,10.09,20.31,46.0
2023-08-01,2023,Search,Brand_Awareness_FR,1388,266,0.0,0.0,0.38,1.0,19.16,56.33,243.14
2023-08-01,2023,Search,Brand_Awareness_USA,407,56,0.0,0.0,1.79,1.0,13.76,15.33,121.45
2023-08-01,2023,Search,Sales_ESP,321,102,3.0,108.09,43.14,8.3,31.78,79.21,38.5
2023-08-01,2023,Demand Gen,Brand_Discovery_DE_NL_CH_BE,8884,687,0.0,0.0,0.5,1.0,7.73,,98.14
2023-08-01,2023,Demand Gen,Brand_Discovery_USA,9447,475,0.0,0.0,0.36,1.0,5.03,,153.09
2023-08-01,2023,Search,Sales_PT,944,221,14.0,116.23,33.48,22.8,23.41,44.59,43.65
2023-08-01,2023,Demand Gen,Brand_Discovery_UK,11174,447,0.0,0.0,0.33,1.0,4.0,,95.01
2023-08-01,2023,Search,Restaurant_ENG,10812,321,0.0,0.0,32.4,1.0,2.97,13.21,90.71
2023-08-01,2023,Demand Gen,Remarketing_ENG,5223,227,0.0,0.0,0.57,1.0,4.35,,118.22
2023-08-01,2023,Search,Brand_Awareness_BR,3695,254,0.0,0.0,0.0,0.0,6.87,24.74,162.91
2023-09-01,2023,Search,Sales_UK_IE,279,93,0.0,0.0,10.22,20.66,33.33,65.64,122.38
2023-09-01,2023,Search,Sales_USA_CA,106,27,0.0,0.0,18.52,1.0,25.47,57.3,70.56
2023-09-01,2023,Search,Sales_FR_BE_CH,169,60,0.0,0.0,37.5,83.63,35.5,61.9,60.61
2023-09-01,2023,Search,Brand_Awareness_FR,574,135,0.0,0.0,0.0,0.0,23.52,53.4,100.42
2023-09-01,2023,Search,Brand_Awareness_USA,195,22,0.0,0.0,4.55,1.0,11.28,21.21,62.28
2023-09-01,2023,Search,Sales_ESP,143,43,1.0,1.0,44.19,157.8,30.07,57.43,16.27
2023-09-01,2023,Demand Gen,Brand_Discovery_DE_NL_CH_BE,9593,703,0.0,0.0,0.35,1.0,7.33,,66.91
2023-09-01,2023,Demand Gen,Brand_Discovery_USA,10006,202,0.0,0.0,0.44,1.0,2.02,,124.5
2023-09-01,2023,Search,Sales_PT,837,215,14.0,1.0,37.67,12.42,25.69,46.37,43.31
2023-09-01,2023,Demand Gen,Brand_Discovery_UK,9091,265,0.0,0.0,0.0,0.0,2.91,,81.21
2023-09-01,2023,Search,Restaurant_ENG,7174,384,0.0,0.0,22.92,1.0,5.35,14.45,115.03
2023-09-01,2023,Demand Gen,Remarketing_ENG,719,27,0.0,0.0,1.61,1.0,3.76,,8.61
2023-09-01,2023,Search,Brand_Awareness_BR,2393,213,0.0,0.0,0.94,1.0,8.9,25.38,131.92
2023-10-01,2023,Search,Sales_UK_IE,386,135,0.0,0.0,16.3,1.0,34.97,69.19,118.69
2023-10-01,2023,Search,Sales_USA_CA,201,54,0.0,0.0,59.26,1.0,26.87,66.89,144.04
2023-10-01,2023,Search,Sales_FR_BE_CH,245,68,0.0,0.0,20.59,1.0,27.76,54.59,60.32
2023-10-01,2023,Search,Brand_CityBreak_Europe,1519,167,0.0,0.0,1.2,1.0,10.99,17.5,180.69
2023-10-01,2023,Search,Brand_Awareness_FR,1304,294,0.0,0.0,1.02,1.0,22.55,50.93,241.6
2023-10-01,2023,Search,Brand_Awareness_USA,515,65,0.0,0.0,1.54,1.0,12.62,27.36,152.54
2023-10-01,2023,Search,Sales_ESP,243,74,1.0,1.0,27.03,1.0,30.45,66.03,33.68
2023-10-01,2023,Demand Gen,Brand_Discovery_DE_NL_CH_BE,16951,994,0.0,0.0,0.93,1.0,5.86,,115.41
2023-10-01,2023,Demand Gen,Brand_Discovery_USA,14775,214,0.0,0.0,0.05,1.0,1.45,,104.07
2023-10-01,2023,Search,Sales_PT,1015,293,25.0,1.0,40.96,1.0,28.87,45.15,58.27
2023-10-01,2023,Demand Gen,Brand_Discovery_UK,13733,439,0.0,0.0,0.25,1.0,3.2,,122.7
2023-10-01,2023,Search,Restaurant_ENG,13304,652,0.0,0.0,30.06,1.0,4.9,15.06,203.58
2023-10-01,2023,Search,Brand_Awareness_BR,2668,272,0.0,0.0,1.1,1.0,10.19,21.32,144.37
2023-10-01,2023,Demand Gen,DemandGen_USA,26,1,0.0,0.0,0.0,0.0,3.85,,0.22
2023-11-01,2023,Search,Sales_UK_IE,114,38,0.0,0.0,23.68,1.0,33.33,71.7,61.66
2023-11-01,2023,Search,Sales_USA_CA,20,4,0.0,0.0,50.0,1.0,20.0,90.91,8.78
2023-11-01,2023,Search,Sales_FR_BE_CH,62,16,0.0,0.0,37.5,1.0,25.81,52.99,24.01
2023-11-01,2023,Search,Restaurant_PT,531,40,0.0,0.0,0.0,0.0,7.53,53.6,30.0
2023-11-01,2023,Search,Brand_Awareness_PT,16,1,0.0,0.0,0.0,0.0,6.25,5.0,1.04
2023-11-01,2023,Search,Brand_Awareness_USA,139,12,0.0,0.0,0.0,0.0,8.63,31.55,28.51
2023-11-01,2023,Search,Sales_ESP,83,36,3.0,1.0,33.33,1.0,43.37,61.03,13.58
2023-11-01,2023,Demand Gen,Brand_Discovery_DE_NL_CH_BE,14897,324,0.0,0.0,0.42,1.0,2.17,,46.14
2023-11-01,2023,Search,Sales_PT,365,101,3.0,1.0,40.59,1.0,27.67,50.98,16.81
2023-11-01,2023,Demand Gen,Brand_Discovery_UK,23262,563,0.0,0.0,1.22,1.0,2.42,,58.18
2023-11-01,2023,Search,Restaurant_ENG,5954,171,0.0,0.0,22.22,1.0,2.87,15.29,81.14
2023-11-01,2023,Demand Gen,DemandGen_USA,11251,226,0.0,0.0,0.0,0.0,2.01,,55.81
2023-12-01,2023,Search,Sales_UK_IE,226,58,0.0,0.0,17.24,1.0,25.66,71.79,111.04
2023-12-01,2023,Search,Sales_USA_CA,130,45,0.0,0.0,8.89,1.0,34.62,63.41,143.64
2023-12-01,2023,Search,Sales_FR_BE_CH,257,82,0.0,0.0,40.24,1.0,31.91,65.38,60.43
2023-12-01,2023,Search,Brand_CityBreak_Europe,336,37,0.0,0.0,2.7,1.0,11.01,15.74,55.24
2023-12-01,2023,Search,Restaurant_PT,6008,624,0.0,0.0,0.48,1.0,10.39,25.06,152.3
2023-12-01,2023,Search,Brand_Awareness_FR,279,66,0.0,0.0,0.0,0.0,23.66,43.87,70.97
2023-12-01,2023,Search,Brand_Awareness_PT,1404,145,0.0,0.0,3.45,1.0,10.33,37.94,149.69
2023-12-01,2023,Search,Brand_Awareness_USA,434,51,0.0,0.0,17.65,1.0,11.75,34.22,154.1
2023-12-01,2023,Search,Sales_ESP,194,67,0.0,0.0,13.43,1.0,34.54,71.06,11.88
2023-12-01,2023,Demand Gen,Brand_Discovery_DE_NL_CH_BE,24993,667,0.0,0.0,1.82,1.0,2.67,,110.34
2023-12-01,2023,Search,Sales_PT,1093,384,34.0,1.0,46.88,1.0,35.13,57.34,85.86
2023-12-01,2023,Demand Gen,Brand_Discovery_UK,22999,502,0.0,0.0,0.0,0.0,2.18,,17.75
2023-12-01,2023,Search,Restaurant_ENG,1976,43,0.0,0.0,30.23,1.0,2.18,22.23,19.37
2024-01-01,2024,Search,Sales_UK_IE,635,188,0.0,0.0,14.89,1.0,29.61,56.33,121.21
2024-01-01,2024,Search,Sales_USA_CA,562,136,0.0,0.0,13.24,1.0,24.2,53.79,146.06
2024-01-01,2024,Search,Sales_FR_BE_CH,619,212,0.0,0.0,22.64,1.0,34.25,61.97,120.6
2024-01-01,2024,Search,Brand_CityBreak_Europe,1265,126,0.0,0.0,0.0,0.0,9.96,5.0,126.12
2024-01-01,2024,Search,Brand_Awareness_FR,1313,223,0.0,0.0,1.79,1.0,16.98,43.46,147.42
2024-01-01,2024,Search,Brand_Awareness_USA,2413,184,0.0,0.0,6.52,1.0,7.63,5.0,239.28
2024-01-01,2024,Demand Gen,Brand_Discovery_FR,53550,2675,0.0,0.0,1.3,1.0,5.0,,120.78
2024-01-01,2024,Search,Sales_ESP,12,4,0.0,0.0,25.0,1.0,33.33,80.0,1.07
2024-01-01,2024,Demand Gen,Brand_Discovery_DE_NL_CH_BE,84252,3172,0.0,0.0,0.94,1.0,3.76,,126.11
2024-01-01,2024,Demand Gen,Brand_Discovery_USA,80443,1705,0.0,0.0,0.0,0.0,2.12,,166.41
2024-01-01,2024,Search,Sales_PT,48,12,0.0,0.0,25.0,1.0,25.0,53.33,1.68
2024-01-01,2024,Demand Gen,Brand_Discovery_UK,49297,1750,0.0,0.0,0.17,1.0,3.55,,120.33
2024-02-01,2024,Search,Sales_UK_IE,719,195,1.0,,14.36,37.13,27.12,57.42,121.85
2024-02-01,2024,Search,Sales_USA_CA,255,57,1.0,840.0,5.26,280.67,22.35,49.9,84.95
2024-02-01,2024,Search,Sales_FR_BE_CH,541,173,1.41,503.34,9.49,44.25,31.98,66.29,121.06
2024-02-01,2024,Search,Brand_CityBreak_Europe,893,78,0.0,0.0,0.0,0.0,8.73,5.0,76.97
2024-02-01,2024,Search,Seasonal_Valentines_PT,660,109,0.0,0.0,0.0,0.0,16.52,52.5,37.46
2024-02-01,2024,Search,Brand_Awareness_FR,611,122,0.0,0.0,0.82,1.0,19.97,39.58,85.82
2024-02-01,2024,Search,Brand_MICE_PT,1406,158,0.0,0.0,0.0,0.0,11.24,30.16,50.82
2024-02-01,2024,Search,Brand_Awareness_USA,1060,93,0.0,0.0,40.86,1.0,8.77,11.88,134.37
2024-02-01,2024,Demand Gen,Brand_Discovery_FR,17307,1060,0.0,0.0,0.0,0.0,6.12,,35.99
2024-02-01,2024,Demand Gen,Brand_Discovery_DE_NL_CH_BE,81472,2560,0.0,0.0,0.63,1.0,3.14,,88.63
2024-02-01,2024,Demand Gen,Brand_Discovery_UK,57723,1685,0.0,0.0,0.65,1.0,2.92,,87.26
2024-03-01,2024,Search,Sales_UK_IE,612,152,1.0,483.75,0.66,483.75,24.84,57.58,120.49
2024-03-01,2024,Search,Sales_USA_CA,500,128,0.0,0.0,0.0,0.0,25.6,61.43,147.26
2024-03-01,2024,Search,Sales_FR_BE_CH,476,153,2.0,,1.31,,32.14,68.35,121.59
2024-03-01,2024,Search,Brand_CityBreak_Europe,864,89,0.0,0.0,0.0,0.0,10.3,5.0,93.41
2024-03-01,2024,Search,Brand_Awareness_FR,953,171,0.0,0.0,0.0,0.0,17.94,43.94,111.36
2024-03-01,2024,Search,Brand_MICE_PT,1523,195,0.0,0.0,0.0,0.0,12.8,49.84,77.6
2024-03-01,2024,Search,Brand_Awareness_USA,982,101,0.0,0.0,0.0,0.0,10.29,10.97,116.5
2024-03-01,2024,Demand Gen,Brand_Discovery_FR,38847,3400,0.0,0.0,0.0,0.0,8.75,,65.5
2024-03-01,2024,Search,Sales_ESP,156,38,2.0,1.0,5.26,1.0,24.36,68.72,12.72
2024-03-01,2024,Demand Gen,Brand_Discovery_DE_NL_CH_BE,57219,1216,0.0,0.0,0.0,0.0,2.13,,51.31
2024-03-01,2024,Demand Gen,Brand_Discovery_USA,16119,534,0.0,0.0,0.0,0.0,3.31,,60.0
2024-03-01,2024,Demand Gen,Brand_Discovery_UK,24984,722,0.0,0.0,0.0,0.0,2.89,,51.29
2024-03-01,2024,Search,Brand_Sustainability_Europe,286,41,0.0,0.0,0.0,0.0,14.34,39.56,77.5
2024-04-01,2024,Search,Sales_UK_IE,533,160,3.18,247.13,11.36,44.01,30.02,63.26,123.49
2024-04-01,2024,Search,Sales_USA_CA,483,139,3.0,,10.79,227.95,28.78,57.89,142.0
2024-04-01,2024,Search,Sales_FR_BE_CH,270,102,1.0,388.0,13.73,28.64,37.78,53.68,121.28
2024-04-01,2024,Search,Brand_CityBreak_Europe,595,60,0.0,0.0,0.0,0.0,10.08,5.0,64.12
2024-04-01,2024,Search,Brand_Awareness_FR,866,142,0.0,0.0,1.41,1.0,16.4,41.29,117.21
2024-04-01,2024,Search,Brand_MICE_PT,1384,199,0.0,0.0,0.0,0.0,14.38,57.46,87.0
2024-04-01,2024,Search,Brand_Awareness_USA,335,57,0.0,0.0,1.75,1.0,17.01,31.86,144.99
2024-04-01,2024,Demand Gen,Brand_Discovery_FR,73106,3579,0.0,0.0,0.0,0.0,4.9,,152.57
2024-04-01,2024,Demand Gen,Brand_Discovery_DE_NL_CH_BE,108071,2524,0.0,0.0,0.0,0.0,2.34,,121.59
2024-04-01,2024,Demand Gen,Brand_Discovery_USA,47474,1136,0.0,0.0,0.0,0.0,2.39,,111.11
2024-04-01,2024,Demand Gen,Brand_Discovery_UK,72530,1983,0.0,0.0,0.0,0.0,2.73,,149.37
2024-04-01,2024,Search,Brand_Sustainability_Europe,629,82,0.0,0.0,1.22,1.0,13.04,41.05,155.96
2024-04-01,2024,Demand Gen,DemandGen_Scandinavia,69565,1290,0.0,0.0,0.0,0.0,1.85,,70.1
2024-05-01,2024,Search,Sales_UK_IE,524,148,3.42,769.3,50.28,36.3,28.24,63.41,155.91
2024-05-01,2024,Search,Sales_USA_CA,426,95,2.0,,30.53,83.9,22.3,63.43,199.72
2024-05-01,2024,Search,Sales_FR_BE_CH,293,78,0.0,0.0,43.59,1.0,26.62,69.46,92.77
2024-05-01,2024,Search,Brand_CityBreak_Europe,794,74,0.0,0.0,0.0,0.0,9.32,12.22,112.43
2024-05-01,2024,Search,Brand_Awareness_FR,424,69,0.0,0.0,2.9,1.0,16.27,39.83,60.68
2024-05-01,2024,Search,Brand_MICE_PT,1290,185,0.0,0.0,0.0,0.0,14.34,52.16,89.75
2024-05-01,2024,Search,Brand_Awareness_USA,481,86,0.0,0.0,1.16,1.0,17.88,35.38,187.38
2024-05-01,2024,Demand Gen,Brand_Discovery_FR,39254,1430,0.0,0.0,0.0,0.0,3.64,,71.94
2024-05-01,2024,Demand Gen,Brand_Discovery_ESP,41289,1892,0.0,0.0,0.0,0.0,4.58,,103.26
2024-05-01,2024,Search,Sales_ESP,200,45,1.67,224.66,5.94,141.04,22.5,59.64,26.74
2024-05-01,2024,Demand Gen,Brand_Discovery_DE_NL_CH_BE,59313,1359,0.0,0.0,0.0,0.0,2.29,,72.33
2024-05-01,2024,Search,Brand_Awareness_ESP,360,86,0.0,0.0,1.16,1.0,23.89,47.87,65.1
2024-05-01,2024,Demand Gen,Brand_Discovery_USA,54435,1182,0.0,0.0,0.0,0.0,2.17,,120.28
2024-05-01,2024,Demand Gen,Brand_Discovery_UK,38109,1043,0.0,0.0,0.0,0.0,2.74,,79.61
2024-05-01,2024,Search,Brand_Sustainability_Europe,687,88,0.0,0.0,0.0,0.0,12.81,46.37,215.05
2024-05-01,2024,Demand Gen,DemandGen_Scandinavia,44350,898,0.0,0.0,0.0,0.0,2.02,,74.51
2024-06-01,2024,Search,Sales_UK_IE,394,113,1.0,372.0,89.38,4.67,28.68,55.81,143.62
2024-06-01,2024,Search,Sales_USA_CA,359,93,2.49,,49.99,91.43,25.91,63.36,258.01
2024-06-01,2024,Search,Sales_FR_BE_CH,107,46,0.0,0.0,13.04,1.0,42.99,55.73,33.18
2024-06-01,2024,Search,Brand_CityBreak_Europe,197,23,0.0,0.0,8.7,1.0,11.68,13.58,30.0
2024-06-01,2024,Search,Brand_MICE_PT,237,34,0.0,0.0,0.0,0.0,14.35,58.87,19.22
2024-06-01,2024,Search,Brand_Awareness_USA,400,57,0.0,0.0,7.02,1.0,14.25,36.93,115.76
2024-06-01,2024,Demand Gen,Brand_Discovery_ESP,14847,759,0.0,0.0,0.0,0.0,5.11,,55.32
2024-06-01,2024,Search,Sales_ESP,206,72,1.0,720.0,2.78,360.5,34.95,39.77,88.42
2024-06-01,2024,Demand Gen,Brand_Discovery_DE_NL_CH_BE,8201,243,0.0,0.0,0.0,0.0,2.96,,15.58
2024-06-01,2024,Search,Brand_Awareness_ESP,1294,233,0.0,0.0,1.29,1.0,18.01,36.47,151.18
2024-06-01,2024,Demand Gen,Brand_Discovery_USA,9011,203,0.0,0.0,0.0,0.0,2.25,,24.92
2024-06-01,2024,Demand Gen,Brand_Discovery_UK,7785,222,0.0,0.0,0.0,0.0,2.85,,24.66
2024-06-01,2024,Search,Brand_Sustainability_Europe,360,63,0.0,0.0,0.0,0.0,17.5,39.58,186.84
2024-06-01,2024,Performance Max,PerformanceMax_ESP,2402,141,0.0,0.0,0.0,0.0,5.87,,37.71
2024-07-01,2024,Search,Sales_UK_IE,369,91,0.0,0.0,14.29,1.0,24.66,59.03,79.29
2024-07-01,2024,Search,Sales_USA_CA,530,140,4.28,466.94,11.63,123.58,26.42,67.98,289.61
2024-07-01,2024,Search,Sales_FR_BE_CH,47,9,0.0,0.0,0.0,0.0,19.15,50.0,3.91
2024-07-01,2024,Search,Brand_Awareness_USA,373,56,0.0,0.0,0.0,0.0,15.01,31.18,122.19
2024-07-01,2024,Search,Sales_ESP,298,95,1.0,818.6,3.16,273.53,31.88,71.98,52.77
2024-07-01,2024,Search,Brand_Awareness_ESP,952,159,1.0,452.4,1.26,226.7,16.7,32.88,88.5
2024-08-01,2024,Search,Sales_UK_IE,444,155,2.0,,1.29,,34.91,69.67,425.52
2024-08-01,2024,Search,Brand_Awareness_USA,406,66,0.0,0.0,0.0,0.0,16.26,35.84,121.33
2024-09-01,2024,Search,Sales_UK_IE,556,193,2.0,,1.04,,34.71,79.42,419.86
2024-10-01,2024,Search,Sales_UK_IE,448,162,3.3,437.98,2.04,437.98,36.16,76.45,425.6
2024-11-01,2024,Search,Sales_UK_IE,428,145,3.0,645.54,2.07,645.54,33.88,79.07,427.14
2024-12-01,2024,Search,Sales_UK_IE,181,54,0.0,0.0,0.0,0.0,29.83,78.02,257.98
2025-01-01,2025,Search,Sales_UK_IE,121,35,0.0,0.0,0.0,0.0,28.93,52.84,51.97
2025-01-01,2025,Search,Sales_USA_CA,117,30,1.0,526.05,3.33,526.05,25.64,30.08,110.97
2025-01-01,2025,Search,Sales_FR_BE_CH,68,15,0.0,0.0,0.0,0.0,22.06,53.97,11.77
2025-01-01,2025,Search,Brand_CityBreak_Europe,2412,129,0.0,0.0,0.0,0.0,5.35,37.71,195.05
2025-01-01,2025,Search,Brand_Awareness_FR,860,145,0.0,0.0,0.0,0.0,16.86,79.22,148.63
2025-01-01,2025,Search,Brand_Awareness_USA,267,35,0.0,0.0,0.0,0.0,13.11,55.56,78.3
2025-01-01,2025,Demand Gen,Brand_Discovery_FR,3278,137,0.0,0.0,0.0,0.0,4.18,,87.76
2025-01-01,2025,Search,Sales_ESP,56,18,2.0,380.08,11.11,380.08,32.14,53.85,7.32
2025-01-01,2025,Demand Gen,Brand_Discovery_USA,44622,933,0.0,0.0,0.0,0.0,2.09,,88.24
2025-01-01,2025,Search,Sales_PT,1210,200,9.0,103.68,4.5,103.68,16.53,66.96,26.5
2025-01-01,2025,Search,Brand_Sustainability_Europe,786,75,0.0,0.0,0.0,0.0,9.54,74.5,197.42
2025-01-01,2025,Search,Brand_Hotels_Europe,2427,84,0.0,0.0,0.0,0.0,3.46,33.57,131.71
2025-02-01,2025,Search,Sales_UK_IE,552,85,1.0,849.6,1.18,849.6,15.4,72.15,101.42
2025-02-01,2025,Search,Sales_USA_CA,691,140,5.0,984.71,3.57,984.71,20.26,68.27,175.56
2025-02-01,2025,Search,Sales_FR_BE_CH,416,103,5.0,528.65,4.85,528.65,24.76,70.32,118.74
2025-02-01,2025,Search,Brand_CityBreak_Europe,3252,190,0.0,0.0,0.0,0.0,5.84,28.44,269.52
2025-02-01,2025,Search,Brand_Awareness_FR,1523,210,0.0,0.0,0.0,0.0,13.79,63.85,206.98
2025-02-01,2025,Search,Brand_Awareness_USA,710,96,0.0,0.0,0.0,0.0,13.52,63.88,227.14
2025-02-01,2025,Search,Sales_ESP,265,58,2.0,498.18,3.45,498.18,21.89,72.65,33.75
2025-02-01,2025,Search,Sales_PT,2152,322,8.0,511.18,2.48,511.18,14.96,66.49,63.61
2025-02-01,2025,Search,Brand_Sustainability_Europe,799,73,1.0,312.38,1.37,312.38,9.14,53.21,178.55
2025-02-01,2025,Search,Brand_Hotels_Europe,1781,65,0.0,0.0,0.0,0.0,3.65,24.36,176.31
2025-03-01,2025,Search,Sales_UK_IE,500,126,0.0,0.0,3.97,1.0,25.2,74.91,255.45
2025-03-01,2025,Search,Sales_FR_BE_CH,401,111,2.1,411.1,5.5,142.3,27.68,78.21,181.97
2025-03-01,2025,Search,Brand_CityBreak_Europe,2619,150,0.0,0.0,0.0,0.0,5.73,20.39,237.34
2025-03-01,2025,Search,Brand_Awareness_FR,1351,177,0.0,0.0,0.0,0.0,13.1,63.78,182.91
2025-03-01,2025,Search,Sales_PT,1727,236,11.23,115.78,5.18,106.4,13.67,51.22,39.35
2025-03-01,2025,Search,Brand_Sustainability_Europe,905,87,0.0,0.0,0.0,0.0,9.61,47.14,225.71
2025-04-01,2025,Search,Sales_UK_IE,678,129,0.12,404.6,76.06,1.51,19.03,81.11,271.3
2025-04-01,2025,Search,Sales_FR_BE_CH,454,100,0.0,0.0,16.01,1.0,22.03,84.24,149.12
2025-04-01,2025,Search,Brand_CityBreak_Europe,2637,180,0.0,0.0,0.0,0.0,6.83,14.72,240.46
2025-04-01,2025,Search,Brand_Awareness_FR,1504,171,0.0,0.0,38.01,1.0,11.37,74.47,184.34
2025-04-01,2025,Search,Brand_Awareness_USA,400,59,0.0,0.0,0.0,0.0,14.75,51.49,117.81
2025-04-01,2025,Search,Sales_PT,2092,270,12.9,31.99,24.04,7.16,12.91,58.62,49.14
2025-04-01,2025,Search,Brand_Sustainability_Europe,6,1,0.0,0.0,0.0,0.0,16.67,57.14,1.48
2025-05-01,2025,Search,Sales_UK_IE,688,120,4.0,135.86,22.5,20.98,17.44,73.43,236.27
2025-05-01,2025,Search,Sales_FR_BE_CH,548,114,2.08,466.87,51.82,17.4,20.8,80.17,176.99
2025-05-01,2025,Search,Brand_Awareness_USA,982,103,0.0,0.0,23.3,1.0,10.49,57.82,228.22
2025-05-01,2025,Search,Sales_PT,2681,332,14.46,100.18,27.55,16.68,12.38,56.4,62.37
2025-05-01,2025,Search,Brand_Sustainability_Europe,1004,83,0.0,0.0,0.0,0.0,8.27,52.34,227.61
2025-06-01,2025,Search,Sales_UK_IE,803,139,2.84,575.81,2.04,575.81,17.31,79.4,265.87
2025-06-01,2025,Search,Sales_FR_BE_CH,483,104,3.0,678.44,2.88,678.44,21.53,83.57,159.8
2025-06-01,2025,Search,Sales_PT,1698,198,12.16,114.29,6.14,114.29,11.66,45.08,28.08
2025-06-01,2025,Search,Brand_Sustainability_Europe,1063,81,0.0,0.0,0.0,0.0,7.62,62.28,226.86
2025-06-01,2025,Search,Search_Brand_Hotel2,1000,146,0.09,148.75,0.06,148.75,14.6,82.72,93.92
2025-06-01,2025,Search,Search_Location_Hotel2,4801,246,0.0,0.0,0.0,0.0,5.12,5.0,95.47
2025-07-01,2025,Search,Sales_UK_IE,742,127,2.09,423.4,1.64,423.4,17.12,79.55,223.37
2025-07-01,2025,Search,Sales_FR_BE_CH,547,118,1.0,548.25,0.85,548.25,21.57,86.7,202.53
2025-07-01,2025,Search,Sales_PT,2355,304,22.26,264.84,7.32,264.84,12.91,49.33,56.16
2025-07-01,2025,Search,Search_Brand_Hotel2,1477,251,1.0,135.15,0.4,135.15,16.99,83.74,152.9
2025-07-01,2025,Search,Search_Location_Hotel2,12944,453,1.0,169.58,0.22,169.58,3.5,5.0,151.95
2025-08-01,2025,Search,Sales_UK_IE,876,149,0.0,0.0,0.0,0.0,17.01,82.19,269.14
2025-08-01,2025,Search,Sales_FR_BE_CH,557,123,0.0,0.0,0.0,0.0,22.08,85.71,156.74
2025-08-01,2025,Search,Sales_PT,2196,233,5.0,114.5,2.15,114.5,10.61,51.28,36.84
2025-08-01,2025,Search,Search_Brand_Hotel2,1460,239,0.0,0.0,0.0,0.0,16.37,82.41,152.36
2025-08-01,2025,Search,Search_Location_Hotel2,14664,493,0.0,0.0,0.0,0.0,3.36,5.0,152.08
2025-09-01,2025,Search,Sales_UK_IE,736,137,2.92,436.46,2.13,436.46,18.61,80.17,258.59
2025-09-01,2025,Search,Sales_FR_BE_CH,516,112,0.0,0.0,0.0,0.0,21.71,77.06,167.85
2025-09-01,2025,Search,Sales_PT,2291,239,10.9,145.8,4.56,145.8,10.43,51.38,34.9
2025-09-01,2025,Search,Search_Brand_Hotel2,2015,340,0.0,0.0,0.0,0.0,16.87,78.8,151.68
2025-09-01,2025,Search,Search_Location_Hotel2,12500,485,0.0,0.0,0.0,0.0,3.88,5.0,151.93
2025-09-01,2025,Performance Max,PMax_Hotel2_UK,35166,294,0.0,0.0,0.0,0.0,0.84,15.22,44.13
2025-09-01,2025,Performance Max,PMax_Hotel2_USA,4420,39,0.0,0.0,0.0,0.0,0.88,5.0,22.27
2025-10-01,2025,Search,Sales_UK_IE,326,62,0.0,0.0,0.0,0.0,19.02,58.07,110.84
2025-10-01,2025,Search,Sales_FR_BE_CH,267,55,0.0,0.0,0.0,0.0,20.6,66.16,70.14
2025-10-01,2025,Search,Sales_PT,1729,324,1.07,10.57,3.72,1.85,18.74,67.33,126.85
2025-10-01,2025,Search,Search_Brand_Hotel2,1927,332,0.02,185.5,0.01,185.5,17.23,77.52,153.08
2025-10-01,2025,Search,Search_Location_Hotel2,12913,528,0.0,0.0,0.38,1.12,4.09,5.0,152.05
2025-10-01,2025,Performance Max,PMax_Hotel2_UK,58822,1240,0.0,0.0,0.0,0.0,2.11,5.0,587.15
2025-10-01,2025,Performance Max,PMax_Hotel2_USA,40038,950,0.0,0.0,0.0,0.0,2.37,5.0,597.77
2025-10-01,2025,Performance Max,PMax_Hotel1_UK,26613,875,0.0,0.0,0.0,0.0,3.29,5.0,317.41
2025-10-01,2025,Performance Max,PMax_Hotel1_USA,18893,708,0.0,0.0,0.0,0.0,3.75,5.0,307.0
2025-11-01,2025,Search,Sales_UK_IE,211,50,1.0,452.25,2.0,452.25,23.7,60.4,51.44
2025-11-01,2025,Search,Sales_FR_BE_CH,185,42,2.0,835.5,4.76,835.5,22.7,60.19,39.78
2025-11-01,2025,Search,Sales_PT,1466,288,3.64,229.93,4.39,66.88,19.65,64.34,91.26
2025-11-01,2025,Search,Search_Brand_Hotel2,1633,308,1.63,437.7,0.53,437.7,18.86,81.73,150.61
2025-11-01,2025,Search,Search_Location_Hotel2,9832,564,1.0,505.55,0.18,505.55,5.74,5.0,152.12
2025-11-01,2025,Performance Max,PMax_Hotel2_UK,42373,827,0.0,0.0,0.0,0.0,1.95,5.0,583.74
2025-11-01,2025,Performance Max,PMax_Hotel2_USA,39982,733,0.0,0.0,0.0,0.0,1.83,5.0,586.46
2025-11-01,2025,Performance Max,PMax_Hotel1_UK,29649,646,0.0,0.0,0.0,0.0,2.18,5.0,411.14
2025-11-01,2025,Performance Max,PMax_Hotel1_USA,23963,614,0.0,0.0,0.0,0.0,2.56,5.0,405.03
2025-12-01,2025,Search,Sales_UK_IE,222,44,0.14,364.0,0.32,364.0,19.82,73.53,40.5
2025-12-01,2025,Search,Sales_FR_BE_CH,298,54,0.14,546.0,0.26,546.0,18.12,68.86,50.94
2025-12-01,2025,Search,Sales_PT,1552,305,1.92,325.58,2.92,70.84,19.65,75.42,91.17
2025-12-01,2025,Search,Search_Brand_Hotel2,1202,231,0.0,0.0,0.87,1.0,19.22,79.02,152.05
2025-12-01,2025,Search,Search_Location_Hotel2,10992,517,0.0,0.0,0.0,0.0,4.7,5.0,148.83
2025-12-01,2025,Performance Max,PMax_Hotel2_UK,69040,642,0.0,0.0,0.0,0.0,0.93,12.52,596.46
2025-12-01,2025,Performance Max,PMax_Hotel2_USA,48980,715,0.0,0.0,0.0,0.0,1.46,5.0,581.42
2025-12-01,2025,Performance Max,PMax_Hotel1_UK,46504,197,2.55,664.35,0.01,664.35,0.42,5.0,407.43
2025-12-01,2025,Performance Max,PMax_Hotel1_USA,41261,274,0.0,0.0,0.0,0.0,0.66,5.0,413.6
2026-01-01,2026,Search,Sales_UK_IE,144,34,1.0,,2.94,,23.61,25.16,54.62
2026-01-01,2026,Search,Sales_FR_BE_CH,96,30,0.0,0.0,0.0,0.0,31.25,23.67,36.59
2026-01-01,2026,Search,Sales_PT,1716,304,0.0,0.0,2.3,1.0,17.72,73.92,91.28
2026-01-01,2026,Search,Search_Brand_Hotel2,1667,268,0.0,0.0,0.0,0.0,16.08,77.68,151.11
2026-01-01,2026,Search,Search_Location_Hotel2,10946,560,0.0,0.0,0.0,0.0,5.12,5.0,150.81
2026-01-01,2026,Performance Max,PMax_Hotel2_UK,63702,629,0.0,0.0,0.0,0.0,0.99,27.78,575.53
2026-01-01,2026,Performance Max,PMax_Hotel2_USA,43310,729,0.0,0.0,0.0,0.0,1.68,5.0,596.66
2026-01-01,2026,Performance Max,PMax_Hotel1_UK,27553,411,3.0,799.33,0.02,799.33,1.49,5.0,415.89
2026-01-01,2026,Performance Max,PMax_Hotel1_USA,36343,432,1.0,505.85,0.0,505.85,1.19,5.0,410.88
2026-02-01,2026,Search,Sales_UK_IE,278,50,0.0,0.0,0.0,0.0,17.99,54.89,35.14
2026-02-01,2026,Search,Sales_FR_BE_CH,257,59,0.01,442.5,0.02,442.5,22.96,60.67,56.54
2026-02-01,2026,Search,Sales_PT,1431,267,0.05,156.0,2.27,2.36,18.66,69.65,90.51
2026-02-01,2026,Search,Search_Brand_Hotel2,1553,246,0.0,0.0,0.0,0.0,15.84,74.67,150.47
2026-02-01,2026,Search,Search_Location_Hotel2,8400,536,0.0,0.0,0.0,0.0,6.38,5.0,149.55
2026-02-01,2026,Performance Max,PMax_Hotel2_UK,50951,810,0.0,0.0,0.0,0.0,1.59,10.74,584.01
2026-02-01,2026,Performance Max,PMax_Hotel2_USA,108548,728,0.0,0.0,0.0,0.0,0.67,5.0,593.36
2026-02-01,2026,Performance Max,PMax_Hotel1_UK,145752,321,1.0,742.5,0.01,742.5,0.22,5.0,408.38
2026-02-01,2026,Performance Max,PMax_Hotel1_USA,49423,233,0.0,0.0,0.0,0.0,0.47,5.0,398.75
